student_ID,course_ID,semester_ID
1,9,0
1,13,0
1,16,0
1,15,0
2,15,0
3,4,0
3,1,0
3,16,0
3,12,0
3,14,0
3,10,0
3,2,0
3,7,0
3,5,0
3,15,0
3,17,0
4,14,0
4,10,0
4,12,0
4,1,0
4,6,0
4,17,0
4,7,0
4,15,0
4,18,0
4,9,0
4,13,0
4,2,0
4,3,0
4,5,0
4,8,0
4,4,0
5,1,0
5,10,0
5,8,0
6,7,0
6,15,0
6,6,0
6,12,0
6,1,0
6,9,0
6,10,0
6,16,0
6,11,0
6,13,0
7,8,0
7,12,0
7,6,0
7,9,0
7,15,0
7,16,0
7,11,0
7,14,0
7,2,0
7,1,0
8,7,0
8,14,0
8,10,0
8,12,0
8,2,0
8,4,0
8,5,0
8,8,0
8,11,0
8,16,0
8,9,0
8,18,0
8,1,0
9,13,0
9,14,0
9,2,0
9,15,0
9,7,0
9,5,0
9,6,0
9,17,0
10,6,0
10,2,0
10,3,0
10,10,0
10,7,0
10,14,0
10,9,0
10,18,0
10,5,0
10,15,0
10,8,0
10,1,0
10,17,0
10,16,0
10,13,0
10,12,0
11,12,0
11,6,0
11,7,0
12,2,0
12,5,0
12,4,0
12,17,0
12,13,0
12,7,0
13,11,0
13,12,0
13,16,0
13,1,0
13,8,0
13,18,0
13,4,0
13,13,0
13,10,0
13,9,0
13,15,0
13,17,0
13,5,0
13,3,0
13,2,0
14,5,0
14,8,0
15,14,0
15,16,0
15,10,0
15,11,0
15,12,0
15,17,0
16,3,0
16,14,0
16,7,0
16,6,0
16,8,0
16,11,0
16,13,0
16,16,0
16,10,0
16,9,0
16,4,0
16,2,0
17,9,0
17,12,0
17,8,0
17,11,0
17,15,0
18,11,0
18,5,0
18,16,0
18,4,0
18,10,0
18,1,0
18,13,0
18,12,0
18,7,0
18,15,0
18,18,0
18,3,0
19,18,0
19,6,0
19,8,0
19,12,0
19,2,0
19,17,0
19,7,0
19,4,0
19,16,0
19,14,0
19,15,0
19,3,0
19,13,0
20,12,0
20,14,0
20,8,0
20,2,0
20,7,0
20,10,0
20,4,0
21,15,0
21,6,0
21,2,0
21,13,0
21,10,0
21,18,0
21,4,0
21,9,0
21,1,0
21,8,0
21,5,0
21,12,0
21,17,0
21,7,0
21,14,0
21,11,0
21,3,0
22,8,0
22,7,0
22,17,0
22,15,0
22,3,0
22,16,0
22,5,0
23,1,0
23,5,0
23,6,0
23,9,0
23,15,0
23,12,0
23,10,0
23,17,0
23,8,0
23,11,0
23,16,0
23,7,0
23,3,0
23,13,0
24,13,0
24,5,0
24,1,0
24,9,0
24,15,0
25,7,0
25,11,0
26,5,0
26,11,0
26,9,0
26,12,0
26,3,0
26,7,0
27,17,0
27,5,0
27,10,0
27,11,0
28,17,0
28,9,0
28,16,0
28,15,0
28,4,0
28,3,0
28,5,0
28,7,0
28,10,0
28,18,0
28,1,0
28,6,0
28,11,0
28,2,0
28,14,0
28,12,0
28,13,0
28,8,0
29,5,0
29,1,0
29,3,0
29,2,0
29,8,0
29,4,0
29,7,0
29,10,0
29,13,0
29,18,0
29,14,0
29,11,0
29,15,0
29,6,0
29,16,0
30,8,0
30,14,0
30,7,0
30,4,0
30,1,0
30,15,0
30,17,0
30,3,0
30,12,0
30,5,0
30,11,0
30,2,0
31,11,0
31,5,0
31,3,0
31,8,0
32,10,0
32,3,0
32,14,0
32,6,0
32,11,0
32,16,0
32,2,0
32,17,0
32,18,0
32,12,0
32,7,0
32,1,0
33,11,0
33,17,0
33,8,0
33,15,0
33,3,0
33,6,0
33,7,0
33,2,0
33,9,0
33,16,0
33,18,0
33,1,0
33,10,0
33,12,0
33,5,0
33,4,0
34,10,0
34,14,0
34,1,0
34,2,0
34,13,0
34,3,0
34,11,0
34,16,0
34,8,0
34,15,0
34,18,0
34,12,0
34,9,0
35,12,0
35,10,0
35,3,0
35,18,0
35,11,0
35,6,0
35,14,0
35,15,0
35,16,0
35,5,0
35,4,0
35,8,0
35,1,0
36,15,0
36,12,0
36,9,0
36,8,0
36,1,0
36,16,0
36,2,0
36,17,0
36,10,0
37,12,0
37,13,0
37,15,0
37,7,0
37,9,0
37,10,0
37,6,0
38,13,0
38,17,0
39,2,0
39,11,0
39,14,0
39,17,0
39,6,0
39,12,0
39,3,0
39,5,0
39,16,0
39,7,0
39,1,0
39,10,0
39,15,0
39,8,0
39,4,0
39,13,0
39,9,0
40,7,0
40,3,0
40,11,0
40,12,0
40,17,0
40,16,0
40,2,0
40,4,0
40,10,0
40,1,0
40,18,0
40,8,0
40,6,0
40,13,0
40,14,0
41,7,0
41,5,0
41,15,0
41,6,0
41,2,0
41,18,0
41,4,0
41,11,0
41,9,0
41,17,0
41,12,0
41,13,0
42,5,0
42,15,0
42,18,0
42,16,0
42,4,0
42,12,0
42,7,0
42,2,0
42,10,0
42,13,0
42,3,0
42,17,0
42,11,0
42,6,0
43,8,0
43,17,0
43,13,0
43,3,0
43,16,0
44,11,0
44,18,0
44,2,0
44,9,0
44,16,0
44,15,0
44,14,0
44,1,0
44,12,0
44,17,0
44,8,0
44,4,0
44,3,0
44,13,0
45,11,0
45,7,0
45,4,0
45,3,0
45,14,0
45,9,0
45,10,0
45,13,0
45,8,0
45,1,0
46,12,0
46,17,0
46,15,0
46,18,0
46,9,0
46,10,0
46,16,0
46,11,0
46,1,0
46,4,0
46,6,0
46,14,0
47,4,0
47,8,0
47,5,0
47,15,0
47,2,0
47,7,0
47,10,0
47,11,0
47,3,0
48,11,0
48,14,0
48,1,0
49,16,0
49,14,0
49,18,0
50,4,0
50,9,0
50,13,0
50,10,0
50,15,0
50,6,0
50,7,0
50,16,0
50,3,0
50,14,0
50,17,0
50,18,0
50,5,0
50,11,0
51,1,0
51,8,0
51,6,0
51,18,0
52,1,0
52,12,0
52,3,0
52,2,0
52,17,0
52,18,0
53,16,0
53,9,0
53,13,0
53,11,0
53,8,0
53,10,0
53,12,0
53,17,0
53,7,0
53,15,0
53,6,0
53,2,0
53,14,0
53,18,0
54,18,0
54,16,0
54,9,0
54,15,0
54,13,0
54,12,0
54,5,0
54,11,0
54,3,0
54,1,0
54,7,0
54,6,0
54,14,0
54,17,0
54,4,0
54,8,0
55,2,0
55,5,0
55,10,0
55,16,0
55,8,0
55,15,0
55,3,0
55,1,0
55,13,0
55,11,0
55,18,0
55,4,0
55,17,0
56,10,0
56,11,0
56,8,0
56,15,0
56,2,0
56,18,0
57,2,0
57,4,0
57,16,0
57,17,0
57,12,0
57,9,0
57,1,0
57,10,0
57,11,0
57,6,0
57,18,0
57,14,0
57,8,0
57,5,0
57,7,0
58,2,0
58,13,0
58,9,0
58,4,0
58,16,0
58,14,0
59,13,0
59,9,0
59,1,0
59,3,0
59,18,0
59,6,0
60,11,0
60,2,0
60,18,0
60,4,0
60,12,0
60,10,0
60,13,0
60,16,0
60,9,0
60,3,0
60,5,0
60,1,0
60,17,0
60,6,0
60,14,0
61,5,0
61,3,0
61,10,0
61,14,0
61,11,0
61,7,0
61,6,0
61,17,0
61,1,0
61,8,0
61,9,0
61,18,0
61,4,0
61,13,0
61,15,0
61,2,0
62,10,0
63,13,0
63,7,0
63,8,0
63,2,0
63,18,0
63,16,0
63,5,0
63,1,0
63,14,0
63,3,0
63,10,0
63,11,0
63,4,0
63,17,0
63,12,0
63,6,0
63,9,0
64,16,0
64,10,0
64,17,0
64,2,0
64,7,0
65,12,0
65,11,0
65,17,0
65,8,0
65,7,0
65,15,0
65,6,0
65,2,0
65,10,0
65,1,0
65,14,0
65,9,0
65,4,0
65,3,0
65,5,0
66,10,0
66,9,0
66,13,0
66,18,0
66,3,0
66,5,0
66,11,0
67,18,0
67,4,0
67,6,0
67,8,0
67,9,0
67,13,0
67,17,0
67,7,0
67,14,0
67,16,0
67,11,0
67,5,0
67,3,0
68,10,0
68,18,0
68,1,0
68,3,0
68,16,0
68,11,0
68,17,0
68,15,0
68,14,0
68,4,0
68,8,0
68,12,0
68,13,0
68,9,0
68,6,0
68,7,0
68,2,0
68,5,0
69,15,0
69,7,0
69,11,0
69,17,0
69,9,0
69,16,0
69,4,0
69,13,0
69,2,0
69,6,0
69,5,0
69,1,0
69,10,0
69,14,0
69,12,0
69,3,0
69,8,0
69,18,0
70,16,0
70,10,0
70,15,0
70,11,0
70,5,0
70,3,0
70,18,0
70,17,0
70,1,0
70,2,0
70,12,0
70,4,0
70,9,0
70,14,0
71,17,0
71,3,0
71,14,0
71,6,0
71,2,0
71,5,0
71,9,0
71,15,0
72,3,0
72,9,0
73,10,0
73,6,0
73,14,0
73,4,0
73,18,0
73,7,0
73,13,0
73,12,0
73,3,0
73,8,0
73,11,0
73,2,0
73,5,0
73,15,0
73,1,0
73,17,0
74,10,0
75,4,0
75,16,0
75,14,0
75,17,0
75,18,0
75,12,0
75,7,0
75,15,0
75,5,0
75,13,0
75,1,0
75,3,0
75,8,0
75,6,0
75,11,0
75,9,0
75,10,0
76,1,0
76,6,0
76,11,0
76,5,0
76,4,0
76,9,0
76,14,0
76,10,0
76,8,0
76,17,0
76,2,0
76,18,0
76,15,0
76,13,0
76,12,0
76,7,0
76,3,0
77,12,0
77,9,0
77,15,0
77,5,0
77,6,0
77,17,0
77,11,0
77,7,0
77,4,0
77,2,0
77,18,0
77,8,0
77,3,0
77,10,0
78,7,0
78,5,0
78,13,0
78,17,0
78,10,0
78,8,0
79,3,0
79,4,0
79,6,0
79,14,0
79,9,0
79,2,0
80,2,0
80,10,0
80,6,0
81,12,0
81,11,0
81,7,0
81,8,0
81,6,0
81,18,0
81,9,0
81,17,0
81,4,0
81,15,0
81,14,0
81,3,0
81,5,0
82,17,0
82,16,0
82,3,0
82,11,0
82,7,0
82,10,0
82,12,0
82,5,0
82,18,0
82,9,0
82,13,0
82,15,0
82,8,0
82,1,0
82,4,0
83,7,0
83,9,0
83,5,0
83,18,0
83,3,0
83,10,0
83,11,0
83,4,0
83,1,0
83,2,0
83,8,0
83,15,0
83,12,0
84,1,0
84,12,0
84,13,0
84,6,0
84,11,0
84,15,0
84,5,0
84,8,0
84,17,0
84,9,0
84,7,0
84,14,0
84,4,0
84,18,0
85,11,0
86,1,0
86,14,0
86,7,0
86,9,0
86,13,0
86,5,0
86,3,0
86,17,0
86,10,0
86,8,0
86,12,0
87,7,0
87,4,0
87,2,0
87,12,0
87,10,0
87,13,0
87,11,0
88,15,0
88,8,0
88,16,0
88,1,0
88,18,0
88,5,0
89,17,0
89,11,0
89,10,0
89,9,0
89,2,0
89,12,0
89,8,0
89,14,0
89,4,0
89,18,0
89,7,0
89,3,0
90,3,0
90,17,0
90,14,0
90,10,0
90,9,0
90,4,0
91,5,0
91,8,0
91,6,0
91,1,0
91,4,0
91,17,0
91,13,0
91,16,0
91,14,0
91,3,0
91,11,0
91,12,0
91,9,0
92,17,0
92,8,0
92,3,0
92,16,0
92,13,0
92,6,0
92,1,0
93,12,0
93,7,0
93,8,0
93,10,0
94,8,0
94,9,0
94,7,0
94,18,0
95,2,0
95,15,0
96,6,0
97,4,0
97,1,0
97,11,0
97,2,0
97,5,0
98,1,0
98,6,0
98,11,0
98,18,0
98,3,0
98,12,0
98,10,0
98,9,0
98,13,0
98,2,0
98,5,0
98,4,0
98,16,0
98,14,0
98,17,0
99,18,0
99,6,0
99,17,0
99,7,0
99,13,0
99,12,0
99,16,0
100,3,0
100,14,0
100,4,0
100,16,0
100,2,0
100,10,0
100,5,0
100,17,0
100,7,0
100,8,0
100,6,0
100,1,0
100,15,0
100,13,0
101,6,0
101,18,0
101,2,0
102,18,0
102,14,0
102,16,0
102,1,0
102,8,0
102,11,0
102,5,0
102,9,0
103,15,0
103,5,0
104,2,0
104,16,0
104,13,0
104,11,0
104,6,0
104,9,0
104,18,0
104,14,0
104,1,0
104,15,0
104,12,0
104,4,0
105,14,0
105,12,0
105,5,0
105,3,0
105,10,0
105,11,0
106,6,0
106,12,0
106,18,0
106,3,0
106,14,0
106,15,0
106,1,0
106,8,0
106,16,0
106,17,0
107,17,0
107,8,0
107,7,0
107,9,0
107,4,0
107,16,0
108,10,0
108,14,0
108,2,0
108,3,0
108,8,0
108,11,0
108,9,0
108,1,0
108,18,0
108,12,0
109,6,0
109,9,0
109,13,0
109,7,0
109,15,0
109,2,0
109,10,0
109,8,0
109,1,0
109,17,0
109,16,0
109,3,0
109,4,0
109,11,0
109,12,0
109,14,0
109,5,0
110,13,0
110,7,0
110,2,0
110,6,0
110,18,0
110,3,0
110,9,0
110,11,0
110,12,0
110,10,0
110,1,0
111,4,0
111,6,0
111,18,0
111,9,0
112,10,0
112,12,0
112,3,0
112,7,0
112,1,0
112,6,0
112,4,0
112,11,0
112,2,0
112,14,0
112,16,0
112,15,0
112,8,0
112,9,0
112,13,0
112,18,0
113,13,0
113,5,0
113,1,0
113,18,0
113,15,0
113,4,0
114,14,0
114,13,0
114,10,0
114,17,0
114,8,0
114,16,0
114,2,0
114,4,0
114,12,0
114,15,0
114,3,0
114,1,0
114,18,0
114,7,0
114,11,0
115,6,0
115,9,0
115,16,0
115,11,0
115,3,0
115,15,0
115,5,0
115,4,0
115,13,0
115,10,0
115,1,0
116,13,0
116,14,0
116,12,0
116,1,0
116,7,0
116,5,0
116,16,0
116,17,0
116,2,0
116,9,0
116,15,0
116,8,0
116,4,0
116,3,0
116,6,0
117,6,0
117,16,0
117,4,0
117,13,0
117,9,0
117,17,0
117,14,0
117,15,0
117,2,0
117,1,0
117,5,0
117,3,0
117,8,0
117,11,0
117,10,0
117,12,0
117,7,0
118,1,0
118,12,0
118,7,0
118,3,0
118,14,0
118,18,0
118,16,0
118,4,0
118,11,0
118,6,0
118,10,0
118,2,0
118,15,0
118,5,0
118,9,0
118,17,0
118,8,0
118,13,0
119,12,0
119,8,0
119,2,0
119,13,0
119,16,0
120,8,0
120,11,0
120,9,0
120,12,0
121,4,0
121,18,0
121,7,0
122,11,0
122,6,0
122,15,0
122,12,0
122,17,0
122,8,0
122,10,0
122,4,0
122,14,0
122,13,0
122,2,0
123,12,0
123,3,0
123,13,0
123,8,0
123,4,0
123,11,0
123,9,0
123,2,0
123,18,0
123,15,0
123,6,0
123,5,0
123,1,0
123,14,0
123,17,0
123,10,0
123,16,0
124,18,0
124,3,0
124,5,0
124,17,0
124,4,0
124,9,0
124,11,0
124,8,0
125,6,0
125,2,0
125,15,0
125,5,0
125,10,0
125,1,0
125,3,0
125,12,0
125,4,0
125,13,0
125,9,0
125,16,0
125,8,0
126,8,0
126,6,0
126,16,0
126,7,0
126,14,0
126,5,0
126,2,0
126,11,0
126,17,0
126,9,0
126,1,0
126,3,0
126,12,0
126,4,0
126,15,0
126,13,0
127,18,0
127,6,0
127,13,0
127,8,0
127,12,0
127,14,0
127,15,0
127,5,0
127,17,0
127,10,0
127,11,0
128,6,0
128,9,0
128,8,0
128,10,0
128,2,0
128,3,0
128,14,0
128,17,0
128,1,0
128,16,0
129,6,0
129,8,0
129,17,0
129,5,0
129,10,0
129,13,0
129,2,0
129,11,0
129,7,0
129,4,0
129,9,0
129,16,0
129,12,0
130,13,0
130,6,0
130,14,0
131,13,0
131,10,0
131,3,0
131,14,0
131,16,0
131,7,0
131,2,0
132,9,0
132,8,0
132,14,0
132,1,0
132,4,0
132,5,0
132,10,0
132,15,0
132,11,0
132,3,0
132,16,0
132,17,0
132,2,0
133,15,0
134,1,0
134,2,0
134,10,0
134,5,0
134,4,0
134,18,0
134,11,0
135,6,0
135,12,0
136,4,0
136,2,0
136,16,0
136,11,0
136,10,0
136,12,0
136,3,0
136,13,0
136,7,0
136,14,0
136,17,0
136,8,0
136,15,0
136,1,0
136,18,0
136,5,0
137,6,0
137,16,0
137,4,0
138,4,0
138,16,0
138,10,0
138,9,0
138,13,0
138,2,0
138,11,0
138,15,0
138,7,0
138,18,0
138,6,0
138,8,0
138,1,0
138,3,0
138,17,0
138,12,0
138,5,0
138,14,0
139,8,0
139,7,0
139,14,0
139,9,0
139,13,0
139,15,0
139,12,0
139,2,0
139,11,0
139,3,0
139,5,0
139,18,0
139,4,0
139,16,0
140,13,0
141,6,0
141,4,0
141,5,0
142,10,0
142,1,0
142,14,0
142,12,0
142,4,0
142,8,0
142,13,0
142,18,0
142,11,0
142,6,0
142,3,0
142,2,0
142,5,0
142,16,0
142,9,0
143,14,0
143,10,0
143,5,0
143,16,0
143,2,0
143,12,0
143,18,0
143,1,0
143,8,0
143,4,0
143,9,0
143,3,0
143,13,0
143,11,0
144,9,0
144,14,0
144,17,0
144,12,0
144,8,0
144,6,0
144,13,0
144,18,0
144,4,0
144,15,0
144,11,0
144,1,0
144,7,0
144,16,0
144,5,0
144,2,0
145,9,0
145,7,0
145,11,0
145,16,0
145,2,0
145,18,0
145,13,0
145,15,0
145,8,0
145,12,0
146,12,0
146,1,0
146,10,0
146,7,0
146,15,0
146,5,0
146,14,0
147,3,0
147,16,0
147,2,0
148,2,0
148,16,0
148,10,0
148,14,0
148,9,0
148,15,0
148,1,0
148,3,0
148,7,0
148,5,0
148,6,0
148,12,0
148,4,0
148,18,0
149,16,0
149,1,0
149,13,0
149,8,0
149,2,0
149,6,0
149,7,0
149,4,0
149,11,0
149,14,0
149,5,0
149,9,0
149,17,0
149,12,0
149,18,0
150,10,0
150,8,0
150,3,0
150,12,0
150,9,0
150,17,0
150,1,0
150,7,0
150,2,0
150,11,0
150,6,0
150,14,0
150,4,0
150,15,0
150,18,0
150,13,0
150,16,0
151,10,0
151,16,0
151,11,0
151,9,0
152,18,0
152,1,0
153,1,0
153,15,0
153,12,0
153,4,0
153,6,0
153,8,0
153,17,0
153,13,0
153,7,0
153,14,0
154,18,0
154,13,0
154,17,0
154,12,0
154,1,0
154,2,0
155,7,0
155,9,0
155,2,0
155,16,0
155,15,0
155,13,0
155,3,0
155,5,0
155,11,0
155,6,0
155,18,0
155,8,0
155,12,0
155,17,0
155,10,0
155,1,0
155,4,0
156,2,0
156,5,0
156,15,0
156,12,0
156,6,0
156,1,0
156,14,0
157,4,0
157,9,0
157,10,0
157,11,0
157,18,0
157,17,0
157,1,0
157,6,0
157,13,0
157,14,0
158,18,0
158,1,0
158,17,0
158,11,0
158,8,0
158,7,0
158,3,0
158,6,0
158,9,0
158,2,0
158,15,0
158,13,0
158,4,0
158,10,0
158,5,0
159,11,0
159,16,0
159,8,0
159,3,0
159,14,0
159,17,0
159,2,0
159,7,0
159,18,0
159,10,0
159,6,0
160,5,0
160,15,0
160,14,0
160,7,0
160,13,0
160,9,0
160,3,0
160,2,0
160,8,0
160,17,0
160,12,0
160,6,0
160,1,0
160,10,0
160,4,0
161,18,0
161,4,0
161,16,0
161,7,0
161,8,0
161,9,0
161,10,0
161,15,0
161,1,0
161,13,0
161,14,0
161,3,0
161,12,0
161,17,0
162,7,0
162,4,0
162,9,0
162,10,0
162,17,0
162,1,0
162,8,0
162,18,0
162,13,0
162,16,0
162,12,0
162,6,0
162,14,0
162,3,0
162,2,0
162,11,0
163,2,0
163,6,0
163,14,0
163,16,0
164,6,0
165,2,0
165,17,0
165,8,0
165,12,0
166,1,0
166,10,0
166,5,0
166,14,0
166,2,0
166,17,0
166,4,0
166,13,0
167,9,0
167,7,0
167,14,0
167,11,0
167,15,0
167,5,0
167,13,0
167,12,0
167,16,0
167,18,0
167,4,0
167,2,0
168,5,0
168,18,0
168,16,0
168,10,0
168,6,0
168,2,0
168,15,0
168,14,0
168,12,0
168,3,0
168,13,0
169,11,0
169,5,0
169,12,0
169,17,0
169,7,0
169,18,0
169,3,0
169,10,0
169,15,0
169,2,0
169,1,0
169,16,0
169,8,0
169,9,0
169,6,0
169,14,0
169,4,0
170,5,0
170,6,0
170,16,0
170,14,0
170,13,0
170,17,0
170,11,0
170,10,0
170,9,0
170,18,0
170,15,0
170,3,0
170,12,0
170,4,0
170,7,0
170,1,0
170,2,0
171,7,0
171,9,0
171,6,0
171,14,0
171,3,0
171,4,0
171,11,0
171,8,0
171,18,0
171,15,0
171,12,0
171,2,0
171,13,0
171,10,0
172,11,0
172,7,0
172,2,0
173,6,0
173,15,0
173,14,0
173,10,0
173,7,0
173,16,0
173,11,0
173,5,0
173,4,0
173,17,0
173,1,0
173,2,0
173,18,0
173,9,0
174,9,0
174,7,0
174,17,0
174,18,0
174,4,0
174,5,0
174,2,0
174,6,0
174,14,0
174,11,0
174,3,0
174,13,0
174,10,0
174,12,0
175,13,0
175,8,0
175,5,0
175,10,0
175,6,0
175,7,0
175,4,0
175,18,0
175,1,0
176,7,0
176,9,0
176,2,0
176,8,0
176,4,0
176,6,0
176,3,0
176,14,0
176,12,0
176,17,0
176,15,0
177,1,0
177,18,0
177,17,0
177,10,0
177,16,0
177,4,0
177,13,0
177,2,0
177,11,0
177,8,0
177,7,0
177,15,0
177,6,0
177,12,0
177,3,0
177,9,0
178,5,0
178,2,0
178,10,0
178,1,0
179,7,0
179,15,0
179,13,0
180,11,0
180,7,0
180,14,0
180,5,0
180,16,0
180,8,0
180,12,0
180,4,0
180,3,0
180,15,0
180,9,0
181,11,0
181,6,0
181,14,0
181,5,0
181,17,0
181,3,0
181,15,0
181,18,0
181,13,0
181,8,0
181,1,0
181,4,0
181,9,0
181,2,0
181,12,0
182,18,0
182,6,0
182,15,0
182,2,0
182,11,0
182,10,0
182,9,0
182,12,0
182,16,0
182,1,0
182,13,0
182,3,0
182,8,0
182,4,0
183,12,0
183,1,0
183,9,0
183,7,0
184,17,0
184,14,0
185,8,0
185,4,0
185,13,0
185,11,0
186,15,0
186,10,0
186,14,0
186,12,0
186,4,0
186,13,0
186,17,0
186,9,0
186,5,0
187,18,0
187,12,0
187,2,0
187,5,0
187,15,0
187,14,0
187,6,0
187,13,0
187,11,0
187,9,0
187,8,0
187,3,0
187,1,0
187,4,0
187,16,0
187,10,0
188,11,0
188,14,0
188,6,0
188,17,0
188,7,0
188,10,0
188,3,0
188,13,0
188,2,0
188,9,0
188,16,0
189,1,0
189,11,0
189,8,0
189,13,0
189,5,0
189,4,0
189,17,0
189,12,0
189,3,0
189,15,0
189,18,0
189,10,0
189,14,0
189,6,0
189,7,0
189,9,0
189,2,0
190,12,0
190,1,0
190,10,0
190,15,0
190,5,0
190,7,0
190,2,0
190,14,0
190,4,0
190,13,0
190,18,0
190,11,0
191,14,0
191,18,0
191,4,0
191,16,0
191,2,0
191,15,0
191,6,0
191,13,0
192,1,0
193,11,0
193,17,0
193,7,0
193,15,0
193,16,0
193,12,0
193,18,0
193,8,0
193,14,0
193,3,0
193,1,0
193,13,0
194,12,0
194,3,0
194,17,0
194,2,0
194,9,0
194,16,0
194,11,0
194,7,0
194,13,0
194,18,0
194,8,0
194,14,0
194,1,0
194,4,0
195,7,0
195,10,0
195,6,0
195,3,0
195,9,0
196,1,0
196,14,0
196,9,0
196,3,0
196,6,0
196,2,0
196,11,0
196,15,0
196,18,0
196,5,0
196,13,0
196,12,0
196,7,0
196,17,0
196,10,0
197,14,0
197,15,0
197,4,0
197,2,0
197,10,0
197,13,0
197,5,0
197,6,0
198,5,0
198,1,0
198,3,0
198,12,0
198,14,0
198,2,0
198,9,0
198,4,0
198,10,0
198,17,0
198,8,0
198,7,0
198,11,0
198,15,0
198,13,0
198,18,0
198,6,0
199,14,0
200,9,0
200,8,0
200,3,0
200,13,0
200,6,0
200,14,0
200,7,0
200,15,0
200,10,0
200,18,0
200,1,0
200,17,0
200,2,0
200,12,0
200,5,0
200,4,0
201,6,0
201,2,0
202,15,0
202,18,0
202,5,0
202,9,0
202,3,0
202,13,0
202,17,0
202,8,0
202,1,0
202,2,0
202,7,0
202,14,0
203,8,0
203,6,0
203,9,0
204,8,0
204,5,0
204,17,0
204,15,0
204,3,0
205,8,0
205,13,0
205,7,0
205,16,0
205,11,0
205,5,0
205,10,0
205,14,0
205,3,0
205,9,0
205,4,0
205,18,0
205,17,0
205,6,0
205,2,0
205,1,0
205,12,0
205,15,0
206,8,0
206,12,0
206,3,0
206,18,0
206,10,0
206,11,0
206,7,0
206,13,0
206,4,0
206,15,0
207,4,0
207,12,0
207,7,0
207,16,0
207,14,0
207,5,0
207,6,0
207,17,0
207,1,0
207,8,0
207,18,0
207,15,0
207,13,0
207,3,0
207,10,0
207,2,0
208,5,0
208,13,0
208,10,0
208,1,0
208,6,0
208,3,0
208,17,0
208,7,0
208,8,0
209,9,0
209,6,0
210,12,0
210,11,0
210,1,0
210,13,0
210,10,0
210,4,0
210,2,0
210,9,0
210,14,0
210,3,0
210,16,0
210,6,0
210,15,0
211,5,0
211,6,0
212,1,0
213,5,0
213,8,0
213,1,0
213,16,0
213,14,0
213,10,0
213,11,0
213,17,0
213,6,0
213,2,0
213,9,0
213,3,0
213,4,0
213,18,0
214,3,0
214,13,0
214,5,0
214,8,0
214,6,0
214,2,0
214,1,0
214,17,0
214,14,0
214,11,0
214,9,0
214,7,0
214,4,0
214,18,0
214,16,0
215,14,0
215,8,0
215,6,0
215,11,0
215,15,0
215,9,0
215,12,0
215,16,0
215,3,0
216,10,0
216,13,0
216,17,0
216,8,0
216,4,0
216,2,0
217,15,0
217,3,0
217,11,0
217,14,0
217,13,0
217,18,0
218,18,0
218,7,0
218,9,0
218,11,0
218,10,0
218,4,0
218,15,0
218,13,0
218,12,0
218,17,0
218,14,0
218,3,0
218,2,0
218,6,0
219,9,0
219,17,0
219,4,0
219,15,0
219,13,0
219,1,0
219,12,0
219,10,0
219,6,0
219,16,0
220,7,0
220,6,0
220,2,0
220,18,0
220,11,0
220,3,0
220,16,0
220,1,0
220,5,0
220,15,0
220,12,0
220,13,0
220,8,0
220,10,0
220,9,0
221,18,0
221,17,0
221,8,0
222,10,0
222,4,0
222,12,0
222,8,0
222,14,0
222,11,0
223,6,0
223,12,0
223,15,0
223,18,0
223,2,0
223,10,0
223,9,0
223,4,0
224,1,0
224,4,0
224,11,0
224,6,0
224,8,0
224,12,0
224,17,0
224,18,0
224,9,0
224,16,0
224,10,0
224,14,0
224,5,0
224,7,0
224,15,0
224,2,0
224,13,0
224,3,0
225,6,0
225,7,0
225,13,0
225,9,0
225,14,0
225,18,0
225,4,0
225,2,0
225,16,0
225,1,0
225,12,0
225,5,0
225,3,0
225,10,0
226,9,0
226,1,0
227,15,0
227,9,0
227,11,0
227,17,0
227,3,0
227,1,0
227,4,0
227,6,0
227,5,0
227,13,0
227,2,0
227,10,0
227,14,0
227,12,0
227,7,0
227,18,0
227,8,0
227,16,0
228,13,0
228,15,0
228,6,0
228,4,0
228,1,0
228,2,0
228,18,0
228,8,0
228,10,0
228,7,0
229,11,0
229,4,0
229,13,0
229,16,0
229,5,0
229,12,0
229,15,0
229,2,0
229,14,0
229,1,0
229,7,0
229,9,0
229,6,0
229,18,0
229,10,0
230,11,0
231,17,0
231,13,0
231,1,0
231,18,0
231,3,0
231,8,0
231,9,0
231,11,0
231,7,0
231,10,0
232,11,0
232,13,0
232,15,0
232,7,0
232,8,0
232,5,0
232,17,0
232,3,0
232,6,0
232,2,0
232,9,0
233,13,0
233,9,0
233,7,0
233,11,0
233,4,0
233,17,0
233,18,0
233,3,0
233,2,0
233,6,0
233,10,0
233,1,0
234,9,0
234,16,0
235,15,0
235,7,0
235,5,0
235,2,0
235,4,0
235,13,0
235,3,0
235,9,0
235,14,0
235,6,0
236,7,0
236,8,0
236,14,0
236,15,0
236,2,0
236,11,0
237,10,0
237,12,0
237,5,0
237,15,0
238,9,0
238,2,0
238,12,0
238,3,0
238,5,0
238,15,0
238,18,0
238,14,0
238,11,0
238,1,0
238,6,0
238,13,0
238,4,0
238,17,0
238,16,0
238,10,0
239,1,0
239,18,0
239,14,0
239,3,0
239,9,0
239,8,0
239,4,0
239,6,0
239,5,0
239,2,0
239,15,0
239,7,0
240,11,0
240,14,0
240,4,0
240,8,0
240,6,0
240,13,0
240,18,0
240,12,0
240,17,0
240,5,0
240,9,0
241,5,0
241,15,0
241,12,0
241,6,0
241,10,0
241,14,0
242,8,0
242,6,0
242,18,0
243,13,0
243,6,0
243,16,0
243,12,0
243,8,0
243,4,0
243,2,0
243,7,0
243,5,0
243,9,0
244,7,0
244,18,0
244,4,0
244,10,0
244,13,0
244,8,0
244,6,0
244,16,0
244,3,0
244,14,0
244,5,0
244,17,0
245,9,0
245,1,0
245,16,0
245,8,0
246,13,0
246,18,0
246,3,0
246,10,0
246,14,0
246,1,0
246,15,0
246,9,0
246,12,0
246,2,0
247,9,0
247,6,0
247,11,0
247,17,0
247,16,0
247,10,0
247,4,0
247,1,0
247,2,0
248,5,0
248,12,0
248,11,0
248,14,0
248,1,0
248,10,0
248,9,0
248,4,0
248,18,0
248,2,0
248,6,0
248,7,0
248,3,0
249,11,0
249,3,0
249,1,0
249,5,0
249,10,0
249,17,0
249,6,0
249,18,0
249,12,0
249,2,0
249,14,0
249,16,0
249,15,0
249,8,0
249,4,0
249,7,0
249,9,0
249,13,0
250,4,0
250,16,0
250,6,0
250,14,0
250,7,0
250,1,0
250,2,0
250,11,0
250,10,0
250,8,0
250,9,0
250,5,0
251,12,0
251,16,0
251,10,0
251,13,0
251,2,0
251,5,0
252,16,0
252,2,0
252,5,0
253,10,0
253,6,0
253,17,0
254,3,0
254,8,0
254,11,0
254,12,0
254,17,0
254,1,0
254,4,0
254,6,0
254,2,0
254,18,0
254,14,0
254,10,0
254,5,0
255,8,0
255,3,0
256,11,0
256,3,0
256,4,0
256,14,0
256,7,0
256,15,0
256,5,0
256,9,0
256,12,0
256,18,0
256,1,0
256,2,0
256,16,0
256,13,0
256,6,0
256,17,0
256,8,0
257,1,0
257,12,0
257,18,0
257,17,0
257,13,0
257,3,0
257,16,0
258,2,0
258,5,0
258,15,0
258,9,0
258,18,0
258,12,0
258,14,0
258,10,0
259,13,0
259,2,0
259,6,0
259,11,0
259,12,0
259,17,0
259,16,0
259,15,0
259,8,0
259,7,0
259,18,0
259,4,0
259,1,0
259,5,0
259,14,0
259,9,0
259,3,0
260,10,0
260,8,0
260,9,0
260,4,0
260,6,0
260,3,0
260,1,0
260,11,0
260,16,0
260,5,0
260,18,0
260,7,0
260,2,0
260,12,0
260,14,0
260,13,0
260,17,0
261,10,0
261,13,0
261,17,0
261,1,0
261,3,0
261,18,0
261,2,0
261,12,0
261,5,0
261,8,0
261,7,0
261,14,0
261,16,0
262,15,0
262,18,0
262,14,0
262,9,0
262,8,0
262,5,0
262,12,0
262,1,0
262,6,0
262,16,0
262,11,0
262,10,0
262,4,0
263,13,0
263,16,0
263,8,0
263,10,0
263,5,0
263,17,0
263,12,0
263,6,0
263,15,0
264,15,0
264,17,0
264,7,0
264,4,0
264,13,0
264,14,0
264,9,0
264,6,0
264,3,0
264,11,0
264,16,0
264,2,0
264,18,0
264,12,0
264,5,0
265,5,0
265,2,0
265,14,0
265,18,0
265,17,0
265,4,0
265,7,0
265,9,0
265,11,0
265,6,0
266,9,0
266,17,0
266,12,0
266,4,0
266,13,0
266,3,0
266,7,0
266,5,0
266,11,0
266,16,0
266,14,0
266,2,0
266,15,0
266,10,0
266,6,0
266,8,0
266,18,0
267,13,0
267,10,0
267,5,0
267,7,0
267,12,0
267,17,0
267,18,0
267,2,0
267,3,0
268,13,0
268,17,0
268,11,0
268,15,0
268,1,0
268,6,0
268,7,0
268,2,0
269,7,0
269,4,0
269,17,0
269,14,0
269,5,0
269,9,0
269,12,0
269,13,0
270,5,0
270,16,0
270,11,0
270,13,0
270,7,0
270,6,0
270,18,0
270,4,0
270,10,0
270,3,0
270,15,0
270,17,0
270,12,0
271,6,0
271,12,0
271,18,0
271,14,0
272,13,0
272,17,0
272,5,0
272,10,0
272,8,0
273,13,0
273,5,0
273,8,0
273,3,0
273,7,0
273,11,0
274,5,0
274,7,0
274,6,0
274,14,0
274,10,0
274,18,0
274,16,0
274,9,0
274,12,0
274,3,0
275,10,0
275,4,0
275,3,0
275,2,0
275,17,0
275,8,0
275,6,0
275,11,0
275,9,0
275,1,0
275,7,0
275,16,0
275,15,0
275,5,0
275,13,0
275,12,0
275,14,0
275,18,0
276,16,0
276,10,0
276,14,0
276,18,0
276,17,0
277,10,0
277,16,0
277,8,0
277,1,0
277,5,0
277,11,0
277,14,0
277,4,0
277,18,0
277,13,0
277,7,0
278,13,0
278,16,0
278,9,0
278,5,0
278,6,0
278,12,0
278,8,0
278,4,0
278,10,0
279,14,0
279,3,0
279,5,0
279,7,0
279,2,0
279,1,0
279,10,0
279,6,0
279,12,0
279,16,0
279,4,0
279,18,0
279,8,0
279,9,0
279,15,0
279,17,0
279,11,0
280,6,0
280,8,0
280,2,0
280,11,0
280,3,0
280,12,0
280,9,0
280,18,0
280,4,0
280,14,0
280,13,0
280,17,0
280,16,0
280,1,0
280,5,0
280,15,0
280,10,0
280,7,0
281,5,0
281,2,0
281,16,0
281,15,0
281,6,0
281,9,0
281,7,0
281,12,0
281,4,0
281,10,0
281,1,0
281,11,0
281,8,0
281,14,0
281,18,0
281,13,0
281,17,0
282,13,0
282,14,0
282,8,0
282,12,0
282,2,0
282,10,0
282,5,0
282,4,0
282,18,0
282,6,0
282,1,0
282,7,0
283,16,0
283,7,0
284,4,0
284,17,0
284,6,0
284,1,0
284,5,0
284,18,0
284,15,0
284,10,0
284,9,0
284,2,0
284,7,0
284,13,0
284,11,0
284,16,0
285,1,0
285,12,0
285,10,0
285,8,0
286,9,0
286,7,0
286,17,0
286,6,0
286,5,0
286,16,0
286,10,0
287,10,0
287,8,0
287,1,0
287,18,0
287,6,0
287,7,0
287,4,0
287,17,0
287,16,0
288,13,0
288,4,0
288,8,0
288,17,0
288,14,0
288,7,0
288,1,0
288,9,0
288,10,0
288,5,0
288,15,0
288,11,0
288,6,0
288,2,0
288,12,0
288,16,0
288,18,0
289,4,0
289,7,0
289,16,0
289,12,0
289,9,0
289,14,0
289,1,0
289,2,0
289,17,0
289,5,0
289,10,0
289,8,0
289,11,0
289,15,0
289,13,0
289,6,0
289,18,0
290,12,0
290,15,0
290,1,0
290,2,0
290,5,0
290,16,0
290,9,0
290,7,0
290,8,0
290,6,0
291,13,0
291,14,0
291,9,0
291,5,0
291,7,0
291,18,0
291,11,0
291,1,0
291,6,0
291,15,0
291,8,0
291,3,0
291,10,0
291,17,0
291,4,0
291,12,0
292,11,0
292,17,0
292,14,0
292,9,0
292,8,0
292,2,0
292,13,0
292,18,0
292,4,0
292,12,0
292,7,0
292,16,0
292,6,0
292,15,0
292,5,0
292,10,0
292,3,0
293,16,0
293,15,0
293,13,0
293,3,0
293,11,0
293,8,0
293,18,0
293,12,0
293,17,0
293,1,0
293,2,0
293,14,0
293,7,0
293,10,0
293,9,0
293,6,0
294,13,0
294,18,0
294,9,0
294,10,0
294,12,0
294,11,0
294,15,0
294,14,0
294,16,0
294,5,0
294,3,0
294,2,0
295,12,0
295,7,0
295,1,0
295,10,0
295,4,0
295,3,0
295,15,0
295,17,0
295,16,0
295,6,0
295,11,0
295,5,0
295,9,0
295,13,0
295,2,0
295,18,0
295,8,0
295,14,0
296,11,0
296,12,0
297,9,0
297,14,0
298,16,0
298,5,0
298,17,0
298,2,0
298,8,0
298,11,0
298,6,0
298,15,0
298,13,0
298,18,0
298,7,0
299,5,0
299,10,0
299,1,0
299,7,0
299,18,0
299,4,0
299,8,0
299,14,0
299,2,0
299,9,0
299,15,0
299,11,0
299,12,0
299,13,0
299,3,0
299,16,0
299,17,0
299,6,0
300,6,0
300,4,0
300,17,0
300,5,0
300,10,0
301,5,0
301,15,0
302,15,0
302,1,0
302,7,0
302,14,0
302,3,0
302,12,0
302,10,0
302,6,0
302,2,0
303,12,0
303,3,0
303,9,0
303,18,0
303,17,0
304,9,0
304,2,0
304,1,0
304,8,0
304,10,0
304,13,0
304,12,0
304,4,0
304,16,0
304,14,0
304,17,0
304,11,0
305,18,0
305,14,0
305,11,0
305,5,0
305,8,0
305,13,0
306,7,0
306,18,0
306,4,0
306,12,0
306,11,0
306,8,0
306,1,0
306,6,0
306,16,0
306,3,0
306,10,0
306,14,0
306,5,0
306,13,0
306,15,0
306,17,0
307,10,0
308,1,0
308,14,0
308,5,0
308,16,0
308,9,0
308,7,0
308,11,0
309,18,0
309,7,0
309,9,0
309,4,0
309,16,0
309,13,0
309,11,0
309,14,0
309,17,0
309,5,0
309,15,0
310,12,0
310,18,0
310,1,0
310,7,0
310,17,0
310,15,0
310,10,0
310,5,0
310,6,0
310,13,0
310,11,0
310,16,0
310,4,0
310,9,0
310,3,0
310,8,0
311,15,0
311,13,0
311,3,0
311,1,0
311,2,0
311,17,0
311,6,0
311,11,0
311,16,0
311,4,0
311,7,0
312,1,0
313,14,0
313,11,0
313,10,0
313,2,0
313,15,0
313,12,0
313,6,0
313,9,0
313,8,0
314,3,0
314,9,0
314,14,0
314,18,0
314,17,0
314,13,0
314,1,0
314,15,0
314,4,0
314,5,0
314,16,0
314,10,0
314,8,0
314,7,0
314,12,0
314,11,0
314,6,0
314,2,0
315,5,0
315,10,0
315,11,0
315,1,0
315,6,0
315,12,0
315,13,0
315,16,0
316,6,0
316,4,0
316,11,0
316,3,0
316,8,0
316,17,0
316,12,0
316,18,0
316,16,0
316,14,0
316,5,0
317,8,0
317,17,0
317,10,0
317,15,0
317,11,0
317,1,0
317,3,0
317,12,0
317,14,0
317,18,0
317,7,0
317,2,0
317,4,0
317,13,0
317,5,0
317,16,0
318,17,0
318,8,0
318,2,0
318,4,0
318,12,0
318,10,0
318,6,0
318,9,0
318,7,0
318,3,0
318,1,0
318,11,0
318,13,0
318,5,0
318,18,0
318,14,0
318,16,0
318,15,0
319,6,0
319,11,0
319,18,0
319,10,0
319,7,0
319,17,0
319,16,0
319,3,0
319,9,0
319,4,0
319,13,0
319,14,0
319,1,0
319,5,0
319,12,0
319,2,0
319,15,0
320,1,0
320,4,0
320,6,0
320,16,0
320,5,0
320,10,0
320,2,0
320,14,0
320,3,0
320,15,0
320,12,0
320,9,0
320,18,0
320,11,0
320,8,0
320,13,0
320,17,0
320,7,0
321,9,0
321,18,0
321,14,0
321,11,0
321,7,0
321,2,0
321,5,0
321,12,0
321,1,0
321,4,0
321,16,0
321,13,0
321,10,0
321,17,0
321,15,0
321,8,0
321,3,0
322,7,0
322,16,0
322,13,0
322,9,0
322,3,0
322,14,0
322,12,0
322,5,0
323,2,0
324,14,0
324,17,0
324,11,0
324,12,0
324,6,0
324,15,0
324,16,0
324,13,0
324,3,0
324,7,0
324,9,0
324,4,0
324,5,0
324,2,0
324,1,0
325,6,0
325,12,0
325,14,0
325,18,0
325,11,0
325,13,0
325,17,0
325,1,0
325,15,0
325,2,0
325,4,0
325,8,0
325,3,0
325,16,0
325,10,0
326,4,0
326,10,0
326,11,0
326,2,0
326,14,0
327,3,0
327,5,0
327,14,0
327,12,0
327,7,0
327,2,0
327,6,0
327,13,0
327,1,0
327,16,0
328,18,0
328,1,0
328,12,0
328,8,0
328,10,0
328,9,0
328,13,0
328,11,0
328,7,0
328,17,0
328,5,0
329,13,0
329,17,0
329,6,0
330,5,0
330,11,0
330,13,0
330,2,0
330,16,0
330,1,0
330,3,0
330,15,0
330,8,0
330,12,0
331,5,0
331,4,0
331,11,0
331,8,0
331,15,0
332,5,0
332,1,0
332,11,0
332,2,0
332,12,0
332,15,0
332,13,0
332,9,0
332,8,0
332,6,0
332,7,0
332,14,0
332,16,0
332,3,0
332,4,0
332,10,0
333,16,0
334,1,0
334,13,0
334,2,0
334,12,0
334,10,0
334,18,0
334,11,0
334,8,0
334,3,0
334,15,0
334,6,0
334,17,0
334,4,0
334,16,0
334,7,0
334,5,0
334,14,0
335,17,0
335,5,0
335,3,0
335,8,0
335,12,0
335,13,0
335,1,0
335,10,0
336,12,0
336,1,0
336,16,0
336,11,0
336,9,0
336,13,0
336,17,0
336,15,0
336,10,0
336,5,0
336,7,0
336,4,0
336,14,0
336,2,0
336,18,0
336,3,0
336,6,0
336,8,0
337,1,0
337,6,0
337,17,0
337,4,0
337,3,0
337,10,0
337,13,0
337,2,0
337,15,0
337,9,0
338,15,0
338,16,0
338,3,0
338,5,0
338,4,0
338,6,0
338,1,0
338,11,0
338,8,0
338,7,0
338,13,0
338,10,0
338,18,0
339,2,0
339,7,0
339,8,0
339,18,0
339,13,0
339,9,0
339,5,0
339,12,0
339,16,0
339,4,0
339,11,0
339,1,0
339,15,0
339,17,0
339,3,0
339,10,0
340,6,0
340,8,0
340,16,0
340,1,0
340,18,0
341,12,0
341,6,0
341,4,0
341,17,0
341,2,0
341,3,0
341,13,0
341,1,0
341,10,0
341,9,0
341,7,0
341,14,0
341,15,0
341,8,0
342,5,0
342,6,0
342,12,0
342,1,0
342,9,0
342,7,0
342,13,0
343,17,0
343,6,0
343,4,0
343,5,0
343,14,0
343,7,0
343,12,0
343,9,0
343,15,0
343,3,0
343,18,0
344,14,0
344,7,0
344,15,0
344,9,0
344,5,0
344,3,0
345,6,0
345,12,0
346,18,0
346,4,0
346,11,0
346,16,0
346,6,0
346,5,0
346,14,0
346,10,0
346,3,0
346,17,0
346,7,0
346,8,0
346,15,0
346,2,0
346,12,0
346,1,0
346,13,0
347,4,0
347,13,0
347,16,0
348,4,0
348,2,0
348,14,0
348,1,0
348,10,0
348,3,0
348,9,0
348,18,0
348,5,0
348,6,0
348,13,0
348,8,0
348,12,0
348,16,0
348,15,0
349,3,0
349,10,0
349,7,0
349,2,0
350,4,0
350,6,0
350,11,0
350,18,0
351,13,0
352,18,0
353,6,0
354,12,0
354,7,0
354,18,0
354,14,0
354,8,0
354,9,0
354,13,0
354,6,0
354,17,0
354,1,0
354,10,0
355,10,0
355,5,0
355,17,0
355,2,0
355,6,0
355,7,0
355,1,0
355,4,0
355,11,0
355,12,0
356,11,0
356,18,0
356,14,0
356,6,0
356,13,0
356,2,0
356,15,0
356,1,0
356,4,0
356,8,0
356,3,0
357,3,0
357,8,0
357,4,0
357,1,0
357,11,0
357,10,0
357,9,0
357,13,0
358,1,0
358,9,0
358,18,0
358,5,0
358,3,0
358,11,0
358,16,0
359,13,0
359,2,0
359,10,0
359,1,0
360,16,0
360,6,0
360,11,0
360,14,0
360,1,0
360,17,0
360,2,0
360,18,0
360,9,0
360,13,0
360,5,0
360,4,0
361,10,0
361,17,0
361,9,0
361,13,0
361,7,0
361,4,0
361,15,0
361,3,0
362,12,0
362,11,0
362,18,0
362,17,0
362,9,0
362,4,0
362,7,0
362,13,0
362,15,0
362,1,0
362,8,0
362,2,0
362,3,0
362,14,0
362,6,0
362,5,0
362,16,0
363,4,0
363,11,0
363,3,0
363,14,0
363,1,0
363,6,0
363,9,0
364,14,0
364,16,0
364,7,0
364,12,0
364,17,0
364,11,0
364,3,0
364,6,0
364,15,0
364,13,0
364,1,0
364,4,0
364,2,0
364,8,0
364,9,0
365,18,0
365,5,0
365,14,0
365,4,0
365,6,0
365,2,0
365,17,0
365,12,0
365,11,0
365,16,0
365,13,0
365,7,0
365,10,0
365,1,0
365,3,0
365,9,0
365,8,0
366,3,0
366,14,0
366,16,0
366,17,0
366,6,0
366,8,0
366,10,0
366,13,0
366,15,0
366,7,0
366,5,0
366,11,0
366,2,0
366,4,0
366,9,0
366,18,0
366,12,0
366,1,0
367,17,0
368,9,0
368,12,0
368,5,0
368,6,0
368,8,0
368,17,0
368,13,0
368,18,0
368,4,0
368,14,0
368,2,0
368,3,0
368,7,0
368,15,0
368,10,0
368,1,0
369,5,0
369,6,0
369,8,0
369,14,0
369,9,0
369,16,0
369,17,0
369,4,0
369,10,0
369,13,0
370,16,0
371,17,0
371,5,0
371,2,0
371,13,0
371,12,0
372,11,0
372,15,0
372,12,0
372,14,0
372,4,0
372,7,0
372,3,0
373,2,0
373,12,0
373,6,0
373,11,0
373,10,0
373,17,0
374,18,0
374,6,0
374,8,0
374,7,0
374,12,0
374,1,0
375,18,0
375,1,0
375,8,0
375,17,0
375,12,0
375,11,0
375,2,0
376,10,0
376,2,0
376,15,0
376,13,0
376,14,0
376,11,0
376,18,0
376,8,0
376,1,0
376,7,0
376,6,0
376,9,0
376,3,0
376,4,0
376,5,0
376,17,0
376,12,0
377,11,0
377,10,0
377,9,0
377,2,0
377,17,0
377,3,0
377,16,0
377,18,0
377,8,0
377,6,0
377,7,0
377,1,0
377,12,0
377,4,0
377,5,0
378,1,0
378,8,0
378,13,0
378,18,0
378,5,0
378,2,0
378,6,0
378,16,0
378,7,0
378,10,0
378,14,0
378,3,0
378,11,0
378,4,0
378,17,0
378,12,0
379,10,0
379,3,0
379,1,0
379,16,0
379,8,0
379,9,0
379,18,0
379,5,0
379,15,0
379,14,0
379,17,0
379,7,0
379,4,0
379,11,0
379,13,0
379,12,0
380,8,0
380,3,0
380,1,0
380,2,0
380,17,0
380,6,0
380,5,0
380,14,0
380,12,0
380,18,0
380,15,0
380,9,0
380,7,0
380,11,0
380,4,0
381,1,0
381,5,0
381,16,0
381,15,0
381,4,0
381,7,0
381,17,0
381,11,0
381,9,0
381,10,0
381,12,0
381,18,0
381,6,0
382,14,0
382,7,0
382,18,0
382,6,0
382,5,0
382,15,0
382,1,0
382,2,0
382,8,0
382,10,0
382,12,0
382,4,0
382,17,0
382,3,0
382,13,0
382,9,0
382,16,0
383,2,0
383,14,0
383,17,0
384,18,0
384,2,0
384,9,0
384,16,0
385,11,0
385,16,0
385,4,0
385,14,0
385,5,0
385,3,0
385,17,0
385,8,0
385,12,0
385,10,0
385,7,0
385,9,0
385,6,0
385,13,0
385,18,0
385,2,0
385,1,0
386,14,0
386,11,0
386,12,0
386,18,0
386,6,0
386,9,0
386,5,0
386,17,0
386,1,0
386,13,0
386,7,0
386,15,0
386,8,0
386,4,0
387,4,0
387,18,0
387,12,0
387,5,0
387,15,0
387,10,0
387,1,0
387,11,0
387,8,0
387,14,0
387,16,0
387,17,0
387,3,0
387,2,0
387,13,0
387,7,0
387,6,0
388,11,0
388,5,0
388,18,0
388,16,0
388,15,0
388,6,0
388,14,0
388,8,0
388,3,0
388,4,0
388,13,0
388,2,0
388,12,0
389,2,0
390,15,0
390,3,0
391,1,0
391,11,0
391,2,0
391,13,0
392,3,0
392,16,0
392,18,0
392,2,0
392,11,0
392,8,0
393,5,0
393,12,0
393,4,0
393,18,0
393,16,0
393,6,0
393,13,0
393,2,0
393,9,0
393,10,0
393,11,0
393,8,0
393,14,0
393,7,0
393,15,0
393,17,0
394,14,0
394,5,0
394,7,0
394,12,0
394,15,0
394,18,0
394,2,0
394,8,0
394,17,0
394,10,0
395,14,0
395,13,0
395,8,0
395,7,0
395,17,0
395,2,0
395,11,0
395,3,0
395,16,0
395,10,0
395,4,0
395,6,0
395,9,0
396,5,0
396,10,0
396,2,0
396,7,0
396,13,0
397,8,0
397,17,0
397,1,0
398,12,0
398,15,0
398,16,0
398,14,0
398,1,0
398,9,0
398,17,0
398,2,0
398,10,0
398,8,0
398,3,0
398,5,0
399,3,0
399,1,0
399,14,0
399,5,0
399,16,0
399,17,0
399,8,0
399,15,0
399,11,0
399,13,0
399,2,0
399,4,0
399,6,0
399,7,0
400,15,0
400,12,0
401,14,0
401,15,0
401,2,0
401,18,0
401,1,0
401,12,0
401,9,0
401,16,0
401,17,0
401,4,0
401,10,0
401,7,0
401,8,0
401,6,0
401,11,0
401,5,0
401,3,0
402,14,0
402,18,0
402,6,0
402,12,0
402,13,0
402,2,0
402,5,0
402,10,0
402,8,0
402,17,0
402,7,0
402,15,0
402,3,0
402,4,0
402,9,0
402,16,0
402,1,0
403,12,0
403,10,0
404,8,0
404,1,0
404,18,0
404,7,0
404,5,0
404,13,0
404,2,0
404,15,0
404,14,0
404,11,0
404,10,0
404,16,0
404,12,0
404,17,0
404,4,0
405,12,0
405,14,0
405,13,0
406,3,0
406,5,0
406,8,0
406,18,0
406,10,0
406,13,0
406,15,0
406,9,0
406,1,0
406,6,0
406,14,0
406,17,0
406,7,0
406,12,0
406,4,0
406,2,0
406,16,0
406,11,0
407,15,0
407,9,0
407,3,0
407,12,0
407,14,0
407,1,0
407,16,0
407,7,0
407,17,0
407,4,0
407,13,0
408,16,0
408,17,0
408,9,0
408,5,0
408,1,0
408,2,0
408,13,0
408,6,0
408,10,0
408,11,0
408,3,0
408,7,0
408,8,0
409,17,0
409,14,0
410,14,0
410,13,0
410,5,0
411,8,0
411,9,0
411,5,0
411,18,0
411,17,0
411,7,0
411,4,0
411,11,0
411,1,0
411,6,0
412,10,0
412,17,0
412,16,0
413,7,0
413,3,0
413,11,0
413,2,0
413,12,0
413,13,0
413,8,0
413,6,0
413,9,0
413,10,0
413,16,0
413,14,0
413,5,0
413,15,0
414,14,0
414,10,0
414,16,0
414,9,0
414,6,0
414,2,0
414,15,0
414,13,0
414,17,0
414,11,0
414,8,0
414,18,0
414,12,0
414,4,0
414,5,0
414,1,0
415,6,0
415,17,0
415,13,0
415,11,0
415,18,0
415,2,0
415,7,0
416,15,0
416,5,0
416,4,0
416,6,0
416,8,0
416,14,0
416,3,0
416,7,0
416,11,0
416,1,0
416,9,0
417,9,0
417,7,0
418,10,0
418,18,0
418,6,0
418,5,0
419,9,0
419,10,0
419,17,0
419,3,0
419,1,0
419,8,0
419,18,0
419,11,0
419,16,0
419,2,0
419,12,0
419,14,0
419,13,0
419,7,0
419,5,0
419,15,0
419,4,0
419,6,0
420,8,0
420,7,0
420,18,0
420,12,0
420,3,0
420,1,0
420,4,0
420,11,0
420,9,0
420,2,0
420,17,0
420,14,0
421,6,0
421,1,0
421,18,0
421,8,0
421,7,0
421,11,0
421,14,0
421,4,0
421,10,0
421,15,0
421,9,0
421,12,0
421,3,0
421,17,0
421,16,0
421,5,0
422,18,0
422,13,0
422,7,0
422,9,0
422,4,0
422,8,0
422,14,0
422,15,0
422,5,0
422,11,0
422,12,0
422,17,0
422,1,0
422,3,0
423,3,0
423,16,0
423,6,0
423,7,0
423,13,0
423,5,0
423,17,0
423,8,0
423,4,0
423,11,0
423,2,0
423,14,0
423,1,0
423,18,0
423,9,0
423,10,0
423,12,0
424,6,0
425,6,0
425,7,0
425,13,0
426,4,0
426,6,0
426,9,0
426,8,0
426,18,0
426,7,0
426,11,0
426,1,0
426,13,0
426,17,0
426,14,0
426,16,0
426,2,0
426,5,0
426,12,0
426,10,0
426,3,0
427,11,0
427,3,0
427,17,0
427,18,0
427,15,0
427,13,0
427,6,0
427,2,0
427,4,0
427,14,0
427,16,0
428,1,0
428,13,0
428,7,0
429,10,0
429,18,0
429,17,0
429,8,0
429,9,0
429,15,0
429,4,0
429,11,0
430,13,0
430,8,0
430,15,0
430,12,0
430,17,0
430,2,0
430,3,0
430,1,0
430,7,0
430,14,0
431,7,0
431,3,0
431,4,0
431,14,0
431,2,0
431,17,0
431,9,0
431,16,0
431,10,0
431,5,0
431,8,0
431,18,0
431,1,0
432,15,0
432,10,0
432,7,0
432,2,0
432,18,0
432,13,0
432,5,0
432,9,0
432,14,0
432,16,0
432,6,0
432,12,0
432,17,0
432,8,0
432,11,0
432,1,0
432,4,0
432,3,0
433,4,0
433,10,0
433,7,0
433,14,0
433,11,0
433,13,0
433,9,0
433,15,0
433,12,0
433,3,0
433,5,0
434,14,0
434,17,0
434,3,0
434,18,0
434,12,0
434,4,0
434,16,0
435,12,0
435,5,0
435,18,0
435,7,0
435,16,0
436,4,0
436,9,0
436,13,0
436,7,0
436,5,0
436,6,0
436,8,0
436,10,0
436,2,0
436,17,0
436,14,0
436,3,0
437,14,0
437,9,0
437,3,0
437,1,0
437,18,0
437,8,0
437,16,0
437,5,0
437,15,0
437,7,0
437,10,0
437,12,0
437,17,0
438,12,0
438,13,0
438,3,0
438,15,0
438,18,0
438,10,0
438,14,0
438,6,0
438,9,0
438,11,0
438,5,0
438,4,0
438,7,0
438,16,0
439,7,0
439,4,0
439,11,0
439,8,0
439,2,0
439,18,0
440,10,0
440,14,0
440,8,0
440,16,0
440,15,0
440,6,0
440,12,0
440,7,0
440,9,0
440,1,0
440,2,0
440,18,0
440,5,0
440,13,0
440,11,0
440,4,0
441,14,0
441,7,0
441,16,0
441,10,0
441,4,0
441,3,0
441,12,0
441,18,0
441,1,0
441,9,0
441,2,0
441,8,0
441,6,0
441,11,0
441,15,0
441,17,0
442,1,0
443,7,0
443,18,0
443,17,0
443,5,0
443,3,0
443,11,0
443,6,0
443,13,0
443,2,0
443,10,0
443,9,0
443,1,0
443,4,0
443,16,0
443,15,0
443,14,0
443,8,0
443,12,0
444,15,0
444,13,0
444,10,0
444,11,0
444,6,0
444,12,0
444,1,0
444,18,0
444,16,0
444,2,0
444,5,0
444,3,0
444,7,0
444,17,0
444,4,0
444,9,0
444,14,0
445,2,0
445,17,0
445,6,0
445,16,0
445,5,0
445,13,0
445,14,0
445,11,0
445,3,0
445,7,0
445,4,0
445,1,0
445,9,0
445,12,0
445,18,0
446,18,0
447,7,0
447,9,0
447,12,0
447,1,0
447,18,0
447,16,0
447,4,0
447,15,0
447,11,0
447,3,0
447,2,0
447,14,0
447,6,0
448,18,0
448,5,0
448,1,0
448,11,0
448,3,0
448,15,0
448,10,0
448,16,0
448,9,0
448,8,0
448,6,0
448,13,0
448,14,0
449,17,0
449,1,0
449,18,0
449,3,0
449,7,0
449,8,0
449,13,0
449,9,0
449,5,0
449,11,0
449,6,0
449,15,0
449,14,0
449,16,0
449,12,0
449,10,0
449,4,0
449,2,0
450,17,0
450,6,0
450,3,0
450,18,0
450,14,0
450,2,0
450,15,0
450,1,0
450,11,0
450,9,0
451,9,0
451,8,0
451,14,0
451,10,0
451,6,0
451,2,0
451,12,0
451,1,0
451,4,0
451,13,0
452,11,0
452,16,0
452,5,0
452,10,0
452,2,0
452,18,0
453,5,0
453,18,0
453,12,0
453,14,0
453,13,0
454,6,0
454,12,0
455,1,0
455,14,0
455,8,0
455,6,0
455,2,0
455,3,0
456,8,0
456,15,0
456,12,0
456,4,0
456,9,0
456,16,0
456,7,0
456,5,0
456,11,0
456,2,0
456,17,0
457,16,0
457,4,0
457,11,0
457,18,0
458,13,0
458,16,0
458,18,0
458,3,0
458,10,0
459,17,0
459,7,0
459,12,0
459,8,0
459,2,0
460,5,0
460,2,0
460,9,0
460,7,0
460,10,0
460,8,0
460,4,0
460,6,0
460,14,0
460,17,0
460,16,0
460,1,0
460,11,0
460,15,0
460,13,0
460,18,0
460,3,0
461,11,0
461,15,0
461,4,0
461,7,0
461,12,0
462,2,0
462,8,0
462,12,0
462,4,0
463,8,0
463,4,0
463,13,0
463,14,0
463,11,0
463,1,0
463,17,0
463,10,0
463,18,0
463,7,0
463,9,0
463,6,0
463,16,0
463,15,0
464,3,0
464,13,0
464,16,0
464,5,0
464,10,0
464,18,0
464,9,0
464,14,0
464,6,0
464,1,0
464,11,0
464,12,0
464,7,0
465,12,0
465,16,0
465,2,0
465,18,0
466,18,0
466,8,0
466,5,0
466,11,0
466,2,0
466,12,0
466,17,0
466,13,0
466,6,0
467,13,0
467,6,0
467,18,0
468,8,0
468,9,0
468,14,0
468,15,0
468,17,0
468,7,0
468,5,0
468,1,0
468,11,0
468,13,0
468,3,0
468,12,0
468,4,0
468,6,0
468,16,0
468,18,0
468,10,0
468,2,0
469,8,0
469,1,0
469,2,0
469,12,0
469,9,0
469,15,0
469,17,0
469,5,0
469,13,0
469,11,0
469,18,0
470,14,0
471,16,0
471,4,0
471,15,0
471,9,0
471,7,0
471,6,0
471,2,0
471,13,0
471,3,0
471,14,0
471,10,0
471,17,0
471,18,0
471,8,0
471,5,0
471,11,0
471,12,0
472,1,0
472,8,0
472,12,0
472,6,0
472,7,0
472,11,0
472,18,0
472,5,0
472,2,0
472,13,0
472,9,0
472,4,0
472,10,0
473,6,0
473,10,0
473,3,0
473,17,0
473,11,0
473,5,0
473,15,0
473,14,0
473,9,0
473,4,0
473,12,0
473,16,0
473,13,0
473,7,0
473,2,0
473,8,0
473,18,0
473,1,0
474,2,0
474,6,0
474,3,0
474,11,0
474,15,0
474,4,0
474,7,0
474,14,0
474,8,0
474,9,0
474,5,0
474,1,0
474,17,0
474,13,0
474,16,0
474,12,0
474,18,0
475,1,0
475,2,0
475,13,0
475,15,0
476,8,0
476,4,0
476,3,0
476,10,0
476,6,0
476,18,0
476,17,0
476,13,0
477,12,0
477,9,0
477,3,0
477,7,0
477,18,0
477,6,0
477,16,0
477,4,0
477,11,0
477,14,0
477,10,0
478,1,0
478,18,0
478,2,0
478,10,0
478,14,0
478,6,0
478,7,0
478,12,0
478,3,0
478,5,0
478,9,0
479,3,0
479,7,0
479,15,0
479,10,0
479,5,0
479,12,0
479,2,0
480,1,0
480,18,0
480,4,0
480,15,0
481,3,0
481,14,0
481,7,0
481,1,0
481,11,0
481,4,0
482,1,0
482,6,0
482,14,0
482,16,0
482,17,0
482,18,0
482,8,0
482,10,0
482,7,0
482,5,0
482,3,0
482,9,0
482,12,0
482,2,0
482,4,0
482,11,0
483,5,0
484,18,0
484,16,0
484,15,0
484,12,0
484,13,0
484,10,0
484,17,0
484,4,0
485,15,0
485,10,0
485,12,0
486,8,0
486,15,0
486,14,0
486,13,0
486,6,0
486,3,0
486,12,0
486,11,0
486,10,0
487,14,0
488,8,0
488,13,0
488,6,0
488,18,0
488,10,0
488,4,0
488,16,0
488,7,0
488,2,0
488,3,0
488,15,0
488,14,0
488,12,0
488,17,0
488,9,0
488,1,0
488,11,0
488,5,0
489,15,0
489,6,0
489,3,0
489,14,0
489,1,0
489,11,0
489,13,0
489,7,0
489,5,0
489,18,0
489,10,0
489,17,0
489,16,0
489,2,0
489,8,0
489,9,0
489,12,0
489,4,0
490,11,0
490,14,0
490,9,0
490,8,0
490,15,0
491,10,0
491,3,0
491,14,0
491,17,0
491,4,0
491,15,0
491,11,0
491,9,0
491,7,0
491,18,0
492,14,0
492,12,0
492,2,0
492,17,0
492,7,0
492,16,0
492,5,0
492,8,0
492,15,0
492,9,0
492,1,0
492,11,0
492,4,0
492,18,0
492,3,0
493,16,0
493,12,0
493,18,0
493,4,0
493,15,0
493,1,0
494,5,0
494,1,0
494,10,0
494,8,0
494,12,0
494,15,0
494,3,0
494,11,0
494,17,0
494,16,0
494,14,0
494,4,0
494,13,0
495,12,0
495,5,0
495,4,0
495,10,0
495,18,0
495,7,0
495,2,0
495,16,0
496,10,0
496,2,0
496,3,0
496,15,0
496,12,0
496,16,0
496,18,0
496,4,0
496,6,0
496,11,0
496,13,0
496,8,0
497,13,0
497,14,0
497,2,0
497,18,0
497,7,0
497,17,0
497,3,0
497,15,0
497,8,0
497,4,0
497,6,0
497,12,0
497,11,0
498,3,0
498,17,0
498,15,0
498,14,0
498,16,0
498,13,0
498,11,0
499,15,0
499,14,0
500,8,0
501,5,0
501,10,0
501,11,0
501,18,0
501,14,0
502,1,0
502,7,0
502,4,0
502,13,0
502,12,0
502,18,0
502,14,0
502,9,0
502,5,0
502,3,0
502,16,0
502,2,0
503,14,0
503,9,0
503,4,0
503,16,0
503,13,0
503,3,0
504,15,0
504,11,0
504,2,0
504,5,0
504,10,0
504,16,0
504,7,0
504,1,0
504,17,0
504,9,0
504,6,0
504,12,0
505,8,0
505,12,0
505,11,0
506,15,0
506,2,0
506,14,0
506,13,0
506,16,0
506,8,0
506,7,0
506,17,0
506,10,0
507,5,0
507,2,0
507,1,0
507,3,0
507,4,0
507,12,0
507,11,0
507,9,0
507,6,0
507,15,0
507,8,0
507,18,0
507,14,0
507,7,0
507,16,0
508,14,0
508,9,0
508,10,0
508,11,0
509,15,0
509,3,0
509,4,0
509,14,0
509,2,0
509,17,0
509,5,0
509,12,0
509,18,0
510,4,0
510,15,0
510,17,0
510,5,0
511,17,0
511,5,0
511,8,0
511,7,0
511,3,0
511,4,0
511,15,0
511,14,0
511,12,0
511,9,0
511,2,0
511,10,0
511,16,0
512,12,0
512,11,0
512,2,0
512,13,0
512,7,0
512,9,0
512,17,0
513,13,0
513,16,0
513,14,0
513,18,0
513,5,0
513,2,0
513,9,0
513,6,0
513,12,0
514,6,0
514,17,0
514,12,0
514,1,0
514,2,0
514,11,0
514,4,0
514,18,0
514,13,0
514,5,0
515,9,0
515,13,0
515,3,0
515,4,0
515,2,0
515,6,0
515,7,0
515,14,0
515,18,0
515,12,0
515,5,0
515,11,0
515,17,0
516,15,0
516,10,0
517,6,0
517,3,0
517,15,0
517,5,0
517,1,0
518,18,0
518,10,0
518,7,0
518,16,0
518,2,0
518,5,0
519,10,0
519,14,0
519,6,0
519,16,0
519,11,0
519,9,0
519,1,0
519,7,0
519,12,0
519,17,0
519,5,0
520,7,0
520,16,0
521,17,0
521,6,0
521,15,0
521,2,0
521,4,0
521,11,0
521,12,0
521,8,0
521,16,0
521,18,0
522,4,0
522,6,0
522,5,0
522,14,0
522,13,0
522,11,0
522,7,0
522,8,0
522,2,0
522,1,0
522,17,0
522,9,0
522,3,0
522,16,0
522,18,0
522,10,0
522,12,0
522,15,0
523,16,0
523,1,0
523,15,0
523,10,0
523,12,0
523,17,0
523,2,0
523,18,0
523,11,0
523,5,0
523,4,0
523,14,0
523,13,0
523,8,0
523,6,0
524,16,0
524,11,0
524,3,0
524,18,0
524,17,0
524,2,0
524,5,0
524,4,0
524,13,0
524,8,0
524,12,0
524,7,0
524,9,0
525,8,0
525,2,0
525,14,0
525,5,0
525,4,0
525,10,0
525,12,0
525,9,0
526,2,0
526,15,0
526,12,0
527,18,0
527,3,0
527,4,0
527,11,0
527,15,0
527,2,0
527,10,0
527,14,0
527,12,0
527,1,0
527,5,0
527,17,0
527,8,0
527,16,0
527,9,0
527,7,0
528,11,0
528,7,0
528,13,0
528,5,0
528,4,0
528,6,0
529,6,0
529,5,0
529,18,0
529,14,0
529,15,0
530,18,0
530,1,0
530,9,0
530,7,0
530,12,0
530,14,0
530,17,0
530,11,0
530,5,0
530,16,0
530,2,0
530,13,0
530,3,0
530,8,0
530,15,0
530,10,0
530,6,0
530,4,0
531,13,0
531,15,0
531,8,0
531,10,0
532,2,0
532,4,0
532,15,0
532,7,0
532,11,0
532,14,0
532,16,0
533,7,0
534,3,0
534,7,0
534,9,0
534,17,0
534,1,0
534,6,0
534,12,0
534,5,0
534,15,0
535,10,0
535,9,0
535,17,0
535,16,0
535,5,0
536,3,0
536,12,0
536,18,0
536,4,0
536,6,0
537,16,0
537,2,0
538,3,0
539,8,0
539,16,0
539,4,0
539,7,0
539,17,0
539,1,0
539,6,0
539,12,0
540,10,0
540,13,0
540,7,0
540,17,0
540,2,0
540,4,0
540,12,0
540,8,0
540,14,0
540,16,0
540,5,0
540,15,0
541,7,0
541,1,0
541,9,0
541,11,0
541,3,0
541,6,0
541,17,0
541,13,0
541,4,0
541,5,0
541,15,0
541,2,0
541,14,0
541,12,0
541,18,0
542,3,0
542,10,0
542,6,0
542,8,0
542,4,0
542,2,0
542,15,0
542,9,0
542,5,0
542,14,0
542,17,0
542,13,0
542,1,0
542,12,0
542,18,0
542,16,0
542,7,0
543,14,0
543,9,0
543,2,0
543,1,0
543,10,0
543,6,0
543,18,0
543,7,0
543,12,0
543,8,0
543,3,0
543,5,0
543,4,0
543,16,0
543,13,0
544,4,0
544,10,0
544,8,0
544,9,0
544,14,0
544,2,0
544,12,0
544,7,0
544,1,0
544,5,0
544,11,0
544,15,0
544,16,0
544,6,0
544,13,0
544,17,0
544,18,0
544,3,0
545,12,0
546,3,0
546,6,0
546,13,0
546,10,0
546,11,0
546,7,0
546,9,0
546,14,0
546,12,0
546,2,0
546,16,0
546,15,0
546,4,0
546,5,0
546,18,0
547,12,0
547,5,0
547,14,0
547,11,0
547,9,0
547,18,0
547,2,0
547,1,0
547,10,0
547,4,0
548,13,0
548,10,0
548,5,0
548,14,0
548,3,0
548,7,0
548,18,0
548,4,0
548,15,0
548,9,0
548,8,0
548,12,0
548,2,0
548,17,0
548,11,0
548,1,0
549,18,0
549,3,0
549,7,0
549,12,0
549,2,0
549,14,0
549,5,0
550,6,0
550,14,0
550,11,0
550,3,0
551,13,0
551,11,0
551,10,0
551,5,0
551,8,0
551,17,0
551,14,0
551,16,0
551,9,0
551,6,0
551,4,0
552,6,0
552,5,0
552,9,0
552,12,0
552,11,0
552,18,0
553,12,0
553,10,0
553,6,0
553,11,0
553,18,0
553,4,0
553,3,0
553,2,0
553,5,0
553,17,0
553,15,0
553,7,0
553,1,0
553,9,0
553,16,0
553,13,0
554,6,0
555,6,0
555,16,0
555,9,0
555,1,0
555,7,0
555,15,0
555,13,0
555,12,0
555,3,0
555,18,0
555,10,0
555,11,0
555,14,0
555,5,0
556,18,0
556,14,0
556,13,0
557,3,0
557,10,0
557,8,0
557,1,0
557,11,0
557,9,0
557,17,0
557,15,0
557,12,0
558,4,0
558,17,0
558,2,0
558,12,0
558,15,0
558,5,0
558,10,0
558,7,0
558,3,0
558,1,0
559,14,0
559,12,0
559,17,0
559,16,0
559,2,0
559,1,0
559,6,0
559,15,0
559,8,0
559,10,0
559,7,0
559,4,0
559,9,0
559,5,0
559,11,0
559,3,0
559,13,0
559,18,0
560,3,0
560,5,0
560,10,0
560,6,0
560,2,0
561,1,0
561,11,0
561,10,0
561,13,0
561,3,0
561,12,0
561,2,0
561,4,0
561,6,0
561,14,0
561,15,0
561,5,0
561,9,0
561,18,0
561,16,0
561,8,0
562,16,0
562,6,0
562,13,0
562,12,0
562,8,0
562,4,0
562,18,0
562,9,0
562,10,0
562,1,0
562,5,0
562,7,0
562,15,0
562,14,0
562,17,0
562,3,0
562,2,0
562,11,0
563,12,0
563,14,0
563,17,0
563,16,0
563,3,0
563,7,0
563,6,0
563,5,0
563,1,0
563,18,0
563,11,0
563,4,0
563,8,0
564,15,0
564,3,0
564,10,0
564,8,0
564,7,0
565,14,0
565,13,0
565,9,0
565,10,0
565,4,0
565,6,0
565,3,0
565,15,0
565,12,0
565,8,0
565,7,0
565,2,0
565,18,0
565,16,0
565,5,0
565,11,0
565,1,0
565,17,0
566,3,0
566,13,0
566,17,0
566,11,0
567,5,0
567,10,0
567,4,0
567,9,0
567,6,0
567,18,0
567,17,0
567,12,0
567,7,0
567,14,0
567,13,0
567,11,0
567,8,0
567,3,0
567,15,0
568,7,0
568,1,0
568,15,0
568,16,0
568,5,0
569,11,0
569,17,0
569,16,0
569,18,0
569,8,0
569,12,0
569,13,0
570,3,0
570,15,0
570,10,0
570,11,0
570,18,0
570,5,0
570,1,0
570,13,0
570,14,0
570,8,0
570,4,0
570,9,0
570,7,0
570,17,0
570,16,0
571,5,0
572,16,0
572,9,0
572,15,0
572,17,0
572,3,0
573,15,0
573,4,0
573,1,0
573,10,0
573,13,0
573,12,0
573,9,0
574,12,0
574,7,0
574,6,0
574,14,0
574,15,0
574,13,0
574,2,0
574,4,0
574,9,0
574,5,0
574,8,0
574,17,0
574,18,0
574,16,0
575,11,0
575,12,0
576,9,0
576,8,0
576,1,0
576,3,0
577,17,0
577,7,0
577,15,0
577,11,0
577,14,0
577,6,0
577,4,0
577,8,0
577,12,0
577,5,0
577,9,0
577,10,0
577,18,0
577,1,0
577,13,0
577,16,0
578,7,0
578,10,0
578,1,0
578,18,0
578,11,0
578,15,0
578,8,0
578,12,0
578,5,0
578,9,0
578,3,0
578,13,0
579,17,0
579,8,0
579,5,0
579,15,0
579,12,0
579,13,0
579,4,0
579,18,0
579,6,0
579,14,0
579,2,0
580,11,0
580,17,0
581,6,0
581,16,0
581,1,0
581,12,0
581,17,0
581,8,0
581,10,0
581,11,0
581,9,0
581,14,0
581,4,0
582,13,0
582,11,0
582,18,0
582,10,0
582,6,0
582,4,0
582,5,0
582,15,0
582,14,0
582,16,0
582,17,0
582,9,0
582,12,0
583,4,0
583,18,0
583,6,0
583,11,0
583,14,0
583,3,0
583,17,0
583,12,0
583,9,0
583,1,0
583,16,0
583,10,0
583,8,0
583,15,0
584,7,0
585,2,0
585,8,0
585,1,0
585,15,0
585,16,0
585,14,0
585,6,0
585,11,0
586,14,0
586,7,0
586,11,0
586,4,0
586,10,0
587,18,0
587,12,0
587,9,0
587,6,0
587,17,0
587,8,0
587,16,0
587,7,0
587,13,0
587,14,0
587,15,0
587,5,0
587,4,0
587,3,0
587,2,0
588,8,0
588,5,0
588,7,0
588,18,0
589,10,0
589,14,0
590,2,0
590,13,0
590,8,0
590,17,0
590,18,0
590,4,0
590,1,0
590,11,0
590,7,0
590,16,0
591,8,0
591,18,0
591,14,0
591,10,0
591,13,0
591,12,0
591,7,0
591,5,0
591,11,0
591,17,0
591,9,0
591,3,0
591,16,0
591,6,0
591,1,0
591,15,0
591,2,0
592,7,0
592,10,0
592,9,0
593,10,0
593,6,0
593,8,0
593,13,0
593,14,0
593,11,0
593,5,0
593,4,0
593,18,0
593,16,0
594,1,0
594,14,0
594,2,0
594,10,0
594,18,0
594,9,0
594,13,0
594,11,0
594,8,0
594,3,0
595,18,0
595,8,0
595,14,0
595,2,0
595,17,0
596,8,0
596,16,0
596,2,0
596,3,0
596,5,0
596,14,0
596,13,0
596,18,0
597,17,0
597,1,0
597,6,0
597,15,0
597,16,0
597,9,0
598,13,0
598,9,0
598,7,0
598,14,0
598,17,0
598,11,0
599,5,0
599,10,0
599,7,0
599,16,0
599,12,0
599,8,0
599,18,0
599,11,0
599,17,0
599,4,0
600,9,0
600,11,0
600,8,0
600,3,0
600,15,0
600,14,0
600,1,0
600,7,0
600,6,0
601,16,0
601,11,0
601,2,0
601,13,0
601,7,0
601,1,0
601,18,0
601,17,0
601,4,0
601,8,0
601,3,0
601,9,0
601,5,0
601,15,0
601,6,0
601,14,0
602,10,0
602,1,0
602,7,0
602,12,0
602,2,0
602,4,0
602,17,0
602,13,0
602,5,0
603,10,0
603,5,0
603,18,0
603,13,0
603,2,0
603,17,0
603,14,0
603,8,0
603,6,0
603,12,0
603,11,0
603,4,0
603,7,0
603,16,0
603,9,0
604,12,0
604,17,0
604,6,0
604,15,0
604,13,0
604,1,0
604,14,0
604,8,0
604,4,0
604,18,0
604,7,0
604,16,0
604,5,0
605,12,0
605,5,0
605,16,0
605,3,0
605,11,0
605,2,0
605,1,0
605,10,0
605,14,0
605,15,0
605,4,0
605,13,0
605,17,0
605,18,0
605,7,0
605,6,0
606,13,0
606,16,0
606,17,0
606,8,0
606,9,0
606,6,0
606,12,0
606,2,0
606,15,0
606,7,0
606,1,0
606,14,0
606,10,0
606,3,0
606,4,0
607,7,0
607,6,0
607,16,0
607,3,0
607,15,0
608,10,0
608,13,0
608,6,0
608,9,0
608,16,0
608,3,0
608,8,0
608,14,0
608,15,0
608,5,0
608,2,0
608,11,0
608,18,0
608,4,0
609,4,0
609,14,0
609,8,0
609,2,0
609,9,0
609,16,0
609,5,0
610,13,0
610,11,0
610,4,0
610,15,0
610,8,0
610,7,0
610,16,0
610,2,0
611,11,0
611,14,0
611,16,0
611,13,0
611,5,0
611,1,0
611,4,0
611,15,0
611,2,0
611,10,0
611,3,0
611,12,0
611,8,0
611,6,0
611,7,0
611,18,0
611,17,0
611,9,0
612,11,0
612,10,0
612,6,0
612,13,0
612,17,0
612,15,0
613,8,0
613,3,0
613,10,0
613,7,0
613,11,0
613,14,0
613,5,0
613,1,0
613,17,0
613,18,0
613,16,0
613,2,0
614,8,0
614,1,0
614,10,0
614,4,0
614,17,0
614,14,0
614,3,0
614,13,0
614,5,0
614,6,0
614,11,0
614,12,0
614,2,0
614,16,0
614,18,0
614,15,0
615,16,0
615,15,0
615,17,0
615,6,0
615,9,0
615,2,0
615,13,0
615,12,0
615,5,0
615,14,0
615,10,0
615,11,0
615,3,0
615,4,0
616,16,0
616,3,0
616,6,0
616,7,0
616,9,0
616,8,0
616,5,0
616,14,0
616,15,0
616,4,0
617,11,0
618,6,0
618,16,0
618,1,0
618,10,0
618,17,0
618,13,0
618,12,0
618,11,0
618,4,0
618,9,0
618,5,0
618,2,0
618,14,0
618,15,0
618,18,0
618,8,0
618,7,0
619,11,0
619,3,0
620,5,0
620,18,0
620,9,0
620,2,0
620,13,0
620,6,0
620,4,0
620,12,0
620,1,0
620,11,0
620,7,0
620,3,0
620,17,0
620,10,0
621,3,0
621,12,0
621,16,0
621,10,0
622,9,0
622,8,0
622,1,0
622,17,0
622,16,0
623,8,0
623,5,0
623,10,0
623,15,0
623,14,0
623,2,0
623,4,0
623,7,0
623,13,0
623,9,0
623,17,0
623,18,0
623,16,0
623,11,0
623,6,0
623,12,0
623,3,0
624,13,0
624,18,0
624,1,0
625,2,0
626,3,0
626,11,0
626,16,0
627,7,0
627,4,0
627,1,0
627,9,0
627,11,0
627,2,0
627,18,0
627,5,0
627,10,0
628,3,0
628,1,0
628,4,0
628,8,0
628,15,0
628,16,0
629,5,0
629,15,0
629,3,0
629,8,0
629,18,0
629,12,0
629,2,0
629,4,0
629,6,0
629,14,0
629,17,0
629,7,0
629,1,0
629,9,0
629,13,0
629,10,0
629,11,0
630,18,0
630,6,0
630,14,0
630,11,0
630,2,0
630,13,0
630,7,0
630,12,0
630,17,0
630,3,0
631,11,0
631,8,0
631,9,0
631,10,0
631,16,0
632,1,0
632,3,0
632,12,0
632,5,0
632,16,0
632,7,0
632,15,0
632,9,0
632,4,0
632,6,0
632,10,0
632,18,0
632,14,0
632,8,0
632,13,0
632,11,0
632,17,0
633,14,0
633,16,0
633,8,0
633,12,0
633,9,0
633,4,0
634,10,0
634,13,0
634,8,0
634,7,0
634,18,0
634,15,0
634,3,0
634,5,0
634,6,0
634,12,0
634,11,0
634,14,0
634,9,0
634,2,0
634,1,0
634,4,0
634,17,0
635,11,0
635,6,0
635,17,0
635,8,0
635,3,0
635,4,0
635,2,0
635,18,0
635,12,0
635,5,0
635,1,0
635,15,0
635,7,0
635,13,0
635,16,0
636,6,0
636,15,0
637,15,0
637,11,0
637,4,0
637,18,0
638,1,0
638,14,0
638,10,0
638,7,0
638,16,0
638,15,0
638,11,0
638,12,0
638,4,0
638,18,0
639,16,0
639,10,0
639,17,0
639,12,0
639,3,0
639,18,0
639,7,0
639,8,0
639,9,0
639,2,0
640,4,0
640,13,0
640,15,0
640,5,0
640,14,0
640,7,0
640,1,0
641,18,0
641,17,0
641,6,0
641,3,0
641,15,0
641,12,0
641,1,0
641,8,0
641,14,0
642,8,0
642,4,0
642,7,0
643,3,0
643,11,0
643,9,0
643,8,0
643,12,0
643,7,0
643,13,0
643,15,0
643,16,0
643,1,0
643,17,0
643,6,0
643,4,0
643,10,0
644,6,0
644,1,0
644,2,0
644,4,0
644,11,0
644,8,0
644,15,0
644,17,0
644,16,0
644,10,0
645,4,0
645,11,0
645,7,0
645,16,0
645,13,0
645,2,0
645,5,0
645,18,0
645,12,0
645,3,0
645,15,0
645,1,0
645,6,0
646,2,0
646,4,0
646,3,0
646,7,0
646,13,0
646,18,0
646,17,0
646,6,0
646,14,0
646,11,0
646,10,0
646,5,0
646,8,0
646,12,0
647,2,0
647,12,0
647,14,0
648,5,0
648,4,0
648,8,0
648,16,0
648,2,0
648,1,0
648,13,0
649,18,0
650,9,0
651,2,0
651,13,0
651,1,0
651,4,0
651,12,0
651,9,0
651,5,0
651,14,0
651,6,0
651,17,0
651,18,0
651,16,0
651,11,0
651,7,0
651,15,0
652,8,0
652,16,0
652,11,0
652,14,0
652,10,0
652,2,0
652,4,0
652,7,0
652,15,0
652,9,0
653,13,0
653,15,0
653,11,0
653,16,0
653,10,0
653,5,0
653,8,0
653,12,0
653,9,0
653,7,0
653,17,0
653,14,0
653,1,0
653,6,0
654,1,0
654,18,0
654,17,0
654,2,0
655,2,0
655,3,0
655,4,0
655,8,0
655,12,0
655,13,0
655,18,0
656,9,0
656,6,0
656,5,0
656,8,0
656,3,0
656,4,0
656,2,0
656,7,0
656,18,0
656,15,0
656,1,0
656,16,0
657,10,0
657,9,0
657,13,0
657,6,0
657,3,0
657,15,0
657,14,0
657,17,0
657,2,0
657,11,0
657,8,0
657,4,0
657,5,0
657,12,0
658,12,0
658,1,0
658,16,0
658,11,0
659,1,0
659,10,0
659,7,0
659,12,0
659,8,0
660,14,0
660,12,0
660,9,0
660,13,0
660,6,0
660,1,0
660,15,0
660,17,0
661,14,0
661,12,0
661,18,0
661,11,0
661,7,0
661,13,0
662,9,0
662,15,0
662,6,0
662,12,0
662,16,0
662,8,0
662,11,0
663,13,0
663,7,0
663,4,0
663,5,0
663,17,0
663,3,0
663,1,0
663,2,0
663,14,0
663,6,0
663,10,0
664,2,0
664,9,0
664,17,0
664,1,0
664,15,0
664,10,0
665,6,0
665,8,0
665,12,0
665,5,0
665,7,0
665,14,0
665,11,0
665,13,0
665,15,0
665,2,0
665,4,0
665,1,0
665,17,0
666,11,0
666,14,0
666,12,0
666,3,0
666,7,0
666,10,0
666,1,0
666,9,0
666,2,0
666,13,0
666,15,0
666,17,0
666,5,0
667,13,0
667,2,0
667,6,0
667,9,0
667,17,0
667,5,0
667,18,0
667,11,0
668,14,0
668,9,0
668,18,0
668,10,0
668,8,0
668,17,0
668,4,0
668,13,0
668,11,0
668,12,0
669,10,0
669,8,0
669,11,0
669,18,0
669,16,0
669,15,0
669,3,0
669,12,0
669,14,0
669,5,0
669,17,0
669,7,0
669,6,0
669,1,0
669,9,0
669,13,0
669,4,0
670,10,0
670,17,0
670,8,0
670,4,0
670,13,0
670,9,0
670,11,0
670,16,0
670,7,0
670,5,0
670,15,0
670,6,0
670,1,0
670,14,0
670,3,0
670,2,0
671,14,0
671,5,0
671,2,0
671,7,0
671,6,0
671,15,0
671,4,0
671,9,0
672,8,0
672,1,0
672,13,0
672,18,0
672,11,0
672,9,0
672,2,0
672,12,0
672,6,0
672,3,0
672,5,0
672,17,0
672,4,0
672,16,0
672,7,0
672,14,0
672,15,0
672,10,0
673,17,0
673,13,0
673,1,0
673,14,0
673,2,0
673,8,0
673,12,0
673,16,0
673,18,0
673,9,0
674,5,0
674,3,0
674,4,0
674,7,0
674,18,0
674,8,0
675,2,0
676,9,0
676,3,0
676,1,0
676,18,0
676,13,0
677,15,0
677,11,0
678,7,0
678,12,0
678,17,0
678,8,0
678,3,0
678,13,0
678,2,0
678,10,0
678,5,0
678,16,0
678,4,0
678,18,0
678,1,0
678,9,0
678,11,0
679,3,0
679,1,0
679,2,0
679,15,0
679,17,0
679,9,0
679,4,0
679,5,0
679,6,0
679,14,0
679,13,0
679,16,0
679,10,0
679,12,0
680,15,0
680,9,0
680,14,0
680,2,0
680,5,0
680,12,0
680,6,0
681,14,0
681,6,0
681,7,0
681,18,0
681,4,0
681,17,0
681,3,0
681,10,0
681,16,0
681,9,0
681,1,0
681,2,0
682,13,0
682,4,0
682,16,0
682,8,0
682,12,0
682,17,0
682,10,0
682,18,0
682,11,0
682,3,0
682,14,0
683,9,0
683,5,0
683,11,0
683,12,0
683,18,0
683,16,0
683,4,0
684,11,0
684,15,0
684,13,0
684,12,0
684,4,0
684,16,0
684,2,0
684,1,0
684,6,0
684,18,0
684,9,0
684,8,0
684,14,0
684,7,0
684,5,0
684,17,0
684,3,0
684,10,0
685,13,0
685,14,0
685,8,0
685,18,0
686,3,0
686,10,0
686,6,0
686,13,0
686,16,0
686,18,0
686,4,0
686,15,0
686,8,0
686,11,0
686,12,0
686,9,0
686,14,0
686,17,0
686,1,0
686,5,0
687,16,0
687,11,0
687,5,0
687,10,0
687,14,0
687,8,0
687,9,0
687,6,0
687,2,0
687,13,0
687,17,0
687,3,0
687,18,0
687,7,0
687,12,0
687,1,0
687,15,0
688,5,0
688,7,0
688,1,0
688,11,0
688,18,0
688,6,0
688,15,0
688,16,0
688,13,0
688,12,0
688,9,0
689,1,0
689,18,0
689,2,0
689,8,0
689,9,0
689,4,0
689,12,0
690,5,0
690,11,0
690,16,0
690,10,0
690,18,0
690,8,0
690,3,0
690,13,0
690,12,0
690,14,0
690,7,0
691,3,0
691,8,0
691,17,0
691,14,0
691,5,0
691,4,0
691,10,0
692,7,0
692,4,0
692,8,0
692,13,0
692,11,0
692,18,0
693,15,0
693,6,0
693,13,0
693,9,0
693,12,0
693,4,0
693,2,0
693,17,0
693,11,0
693,18,0
693,8,0
693,3,0
693,14,0
693,10,0
693,1,0
693,5,0
694,4,0
694,9,0
694,3,0
694,11,0
694,7,0
694,10,0
694,16,0
694,15,0
694,18,0
694,17,0
694,8,0
694,12,0
694,6,0
694,2,0
694,13,0
694,1,0
694,5,0
695,7,0
695,2,0
695,4,0
695,11,0
695,18,0
695,9,0
695,15,0
695,14,0
695,13,0
695,1,0
695,6,0
695,12,0
695,17,0
695,3,0
695,10,0
695,16,0
695,5,0
696,15,0
696,6,0
696,14,0
696,2,0
696,10,0
697,16,0
697,5,0
697,11,0
697,18,0
697,9,0
697,10,0
697,14,0
697,15,0
697,6,0
698,3,0
698,9,0
698,13,0
698,18,0
699,14,0
699,15,0
699,6,0
700,4,0
701,7,0
701,11,0
701,12,0
701,13,0
701,4,0
701,2,0
701,17,0
701,14,0
701,15,0
702,3,0
702,10,0
702,13,0
702,15,0
702,1,0
702,8,0
703,3,0
703,14,0
703,9,0
703,12,0
703,17,0
703,11,0
703,6,0
703,15,0
703,4,0
703,2,0
703,8,0
704,10,0
704,16,0
704,18,0
704,17,0
704,3,0
704,7,0
704,12,0
705,4,0
706,6,0
707,12,0
707,15,0
707,11,0
707,6,0
707,2,0
707,4,0
707,18,0
707,10,0
707,17,0
707,3,0
707,1,0
707,5,0
707,8,0
707,9,0
707,14,0
707,13,0
707,7,0
708,11,0
708,8,0
708,1,0
708,4,0
708,12,0
708,7,0
708,3,0
709,17,0
709,18,0
709,5,0
709,8,0
709,4,0
709,9,0
709,13,0
709,11,0
709,7,0
709,10,0
709,16,0
709,2,0
709,12,0
709,15,0
709,1,0
709,14,0
709,6,0
710,13,0
710,18,0
710,17,0
710,8,0
710,10,0
710,6,0
710,15,0
710,11,0
710,12,0
710,5,0
710,4,0
710,16,0
710,3,0
710,14,0
711,2,0
712,4,0
712,15,0
712,7,0
712,10,0
712,2,0
712,17,0
712,9,0
712,1,0
712,14,0
712,3,0
712,18,0
712,5,0
712,12,0
712,8,0
712,6,0
713,8,0
713,9,0
713,16,0
713,5,0
713,14,0
713,6,0
713,15,0
714,17,0
714,11,0
714,8,0
714,10,0
714,13,0
714,14,0
714,7,0
715,7,0
715,13,0
715,5,0
715,10,0
715,1,0
715,3,0
715,17,0
715,16,0
715,11,0
715,12,0
716,6,0
716,16,0
716,12,0
716,17,0
716,10,0
716,14,0
717,11,0
717,5,0
717,18,0
717,3,0
717,8,0
717,10,0
717,15,0
717,1,0
717,9,0
718,9,0
718,2,0
719,14,0
719,1,0
719,8,0
719,4,0
719,3,0
719,5,0
719,6,0
720,6,0
720,2,0
720,13,0
720,16,0
720,17,0
720,18,0
720,9,0
720,11,0
720,12,0
721,14,0
721,2,0
721,1,0
721,8,0
721,16,0
721,18,0
721,4,0
721,7,0
721,10,0
721,6,0
721,11,0
721,15,0
721,12,0
721,5,0
721,17,0
721,9,0
721,3,0
721,13,0
722,16,0
722,5,0
722,10,0
722,6,0
722,8,0
722,17,0
722,9,0
722,13,0
722,14,0
722,15,0
723,2,0
723,3,0
723,9,0
723,15,0
724,18,0
724,5,0
724,13,0
724,16,0
725,9,0
725,6,0
726,3,0
726,8,0
726,1,0
726,7,0
726,12,0
726,11,0
726,4,0
726,13,0
726,15,0
726,6,0
727,5,0
727,2,0
727,6,0
727,17,0
727,12,0
727,9,0
727,13,0
727,11,0
727,7,0
728,10,0
728,14,0
728,8,0
728,7,0
728,4,0
728,11,0
728,6,0
728,3,0
728,9,0
728,13,0
728,1,0
728,2,0
729,16,0
729,17,0
729,3,0
729,15,0
729,12,0
729,2,0
729,10,0
729,1,0
729,14,0
729,8,0
729,4,0
730,11,0
730,9,0
730,5,0
730,3,0
730,13,0
730,8,0
730,7,0
730,12,0
730,1,0
730,15,0
731,6,0
731,8,0
731,10,0
731,14,0
731,2,0
731,17,0
731,11,0
731,7,0
731,1,0
731,5,0
731,16,0
731,4,0
731,15,0
731,3,0
732,14,0
732,7,0
732,15,0
732,18,0
732,13,0
732,11,0
732,3,0
732,17,0
732,4,0
732,16,0
732,5,0
732,10,0
732,8,0
732,9,0
732,12,0
732,2,0
732,1,0
733,13,0
733,5,0
733,11,0
733,17,0
733,7,0
733,12,0
733,15,0
733,14,0
733,10,0
733,4,0
733,18,0
733,16,0
733,2,0
733,6,0
733,8,0
733,3,0
733,1,0
734,4,0
735,6,0
735,16,0
735,4,0
735,2,0
735,5,0
735,10,0
735,9,0
735,11,0
735,1,0
735,8,0
735,13,0
735,12,0
735,18,0
735,17,0
735,14,0
735,3,0
736,13,0
736,1,0
736,2,0
736,4,0
737,11,0
737,3,0
737,10,0
737,4,0
737,5,0
737,18,0
737,1,0
737,16,0
737,2,0
737,12,0
738,15,0
738,12,0
739,8,0
739,16,0
739,15,0
739,5,0
739,3,0
739,17,0
739,18,0
739,11,0
739,2,0
739,4,0
739,13,0
740,18,0
740,2,0
740,7,0
740,1,0
740,9,0
740,16,0
740,4,0
740,12,0
740,15,0
740,8,0
740,13,0
741,8,0
741,18,0
741,15,0
741,12,0
741,16,0
741,14,0
742,10,0
742,17,0
742,6,0
742,14,0
742,2,0
742,5,0
742,13,0
742,7,0
743,7,0
743,4,0
743,11,0
744,7,0
745,10,0
746,6,0
746,11,0
746,3,0
746,2,0
746,8,0
746,9,0
746,17,0
746,14,0
746,15,0
746,18,0
746,7,0
747,10,0
747,12,0
747,15,0
747,2,0
747,13,0
747,9,0
747,4,0
747,11,0
747,7,0
747,8,0
747,16,0
748,15,0
748,16,0
748,13,0
748,14,0
748,12,0
748,2,0
748,18,0
748,8,0
748,1,0
748,4,0
748,17,0
749,16,0
749,13,0
749,1,0
749,4,0
749,8,0
749,14,0
749,17,0
749,9,0
749,15,0
749,5,0
749,12,0
750,2,0
750,15,0
750,3,0
750,8,0
750,1,0
750,5,0
750,6,0
750,4,0
750,7,0
750,18,0
750,12,0
750,13,0
750,10,0
750,17,0
751,7,0
751,5,0
751,16,0
751,3,0
751,15,0
751,2,0
751,8,0
751,9,0
751,6,0
751,18,0
751,10,0
751,17,0
751,12,0
751,1,0
751,13,0
752,5,0
752,1,0
752,15,0
752,6,0
752,2,0
753,2,0
753,4,0
753,12,0
753,11,0
753,15,0
753,18,0
753,14,0
753,5,0
753,3,0
753,9,0
754,14,0
754,5,0
755,12,0
755,16,0
755,6,0
755,8,0
755,1,0
755,9,0
755,13,0
755,10,0
755,5,0
755,14,0
755,11,0
755,17,0
755,7,0
755,2,0
755,15,0
755,4,0
756,17,0
756,9,0
756,2,0
756,16,0
756,5,0
756,4,0
757,16,0
757,9,0
757,11,0
757,7,0
757,14,0
757,17,0
757,10,0
757,3,0
757,15,0
757,8,0
757,1,0
757,12,0
757,4,0
757,13,0
757,18,0
757,2,0
757,5,0
757,6,0
758,2,0
758,3,0
758,8,0
758,18,0
758,6,0
758,1,0
759,1,0
759,9,0
759,10,0
759,3,0
759,12,0
759,17,0
759,2,0
759,13,0
759,5,0
759,18,0
759,14,0
759,11,0
760,4,0
760,8,0
760,15,0
760,14,0
760,12,0
760,18,0
760,16,0
760,9,0
761,3,0
761,6,0
762,3,0
762,7,0
762,14,0
762,8,0
762,6,0
762,15,0
762,5,0
762,1,0
762,10,0
762,17,0
762,18,0
762,4,0
763,8,0
763,6,0
763,12,0
763,3,0
763,7,0
763,17,0
763,13,0
763,15,0
763,16,0
763,10,0
763,5,0
763,11,0
763,9,0
763,4,0
763,1,0
763,2,0
763,14,0
763,18,0
764,15,0
764,17,0
764,18,0
764,8,0
764,7,0
765,5,0
765,3,0
765,12,0
765,11,0
765,4,0
765,2,0
765,9,0
765,18,0
765,17,0
765,6,0
765,13,0
765,16,0
765,7,0
765,1,0
765,8,0
766,10,0
766,14,0
766,8,0
767,9,0
767,18,0
767,13,0
767,5,0
767,3,0
767,4,0
767,15,0
767,14,0
767,17,0
767,1,0
767,8,0
767,7,0
767,6,0
767,12,0
768,13,0
768,15,0
768,14,0
769,17,0
769,16,0
769,18,0
770,2,0
770,8,0
770,3,0
770,17,0
770,6,0
770,16,0
770,13,0
770,7,0
771,2,0
771,14,0
771,18,0
772,6,0
772,1,0
772,5,0
772,18,0
772,4,0
772,12,0
772,16,0
773,3,0
773,5,0
773,1,0
774,7,0
774,11,0
774,18,0
774,3,0
774,15,0
774,1,0
774,17,0
774,8,0
774,14,0
774,2,0
774,6,0
774,16,0
774,9,0
774,4,0
775,15,0
775,16,0
775,18,0
775,17,0
775,6,0
775,4,0
775,3,0
776,10,0
776,9,0
776,11,0
776,15,0
776,8,0
776,2,0
776,13,0
776,5,0
776,18,0
777,8,0
777,11,0
777,15,0
777,9,0
777,14,0
777,13,0
777,5,0
777,4,0
777,16,0
777,3,0
777,10,0
777,12,0
777,6,0
778,5,0
778,9,0
778,18,0
778,4,0
778,1,0
778,15,0
778,11,0
778,17,0
778,3,0
778,13,0
778,7,0
778,16,0
778,12,0
778,6,0
778,8,0
778,10,0
779,9,0
779,5,0
779,11,0
779,3,0
779,16,0
779,12,0
779,6,0
779,18,0
779,7,0
779,17,0
779,4,0
779,1,0
779,8,0
779,10,0
779,14,0
779,15,0
779,2,0
780,1,0
780,14,0
780,2,0
780,7,0
780,17,0
780,3,0
780,18,0
780,16,0
780,15,0
780,10,0
780,11,0
780,12,0
780,5,0
780,8,0
781,11,0
781,2,0
781,7,0
782,2,0
782,9,0
783,3,0
783,10,0
783,1,0
783,15,0
783,5,0
783,13,0
783,4,0
783,11,0
783,7,0
783,12,0
783,8,0
783,17,0
784,3,0
784,17,0
784,9,0
784,7,0
784,8,0
784,16,0
785,15,0
785,11,0
785,9,0
785,8,0
785,1,0
785,14,0
785,5,0
785,17,0
785,6,0
785,12,0
785,7,0
785,18,0
785,10,0
785,13,0
785,3,0
786,6,0
786,1,0
786,8,0
786,7,0
786,11,0
786,5,0
786,14,0
786,4,0
786,18,0
786,16,0
786,13,0
786,2,0
786,12,0
786,17,0
786,3,0
786,15,0
787,16,0
787,14,0
787,18,0
787,6,0
787,17,0
787,5,0
787,2,0
787,10,0
787,12,0
787,8,0
787,13,0
787,15,0
787,3,0
787,7,0
788,14,0
788,10,0
788,3,0
788,2,0
788,15,0
789,17,0
789,13,0
789,12,0
789,11,0
789,15,0
789,2,0
789,18,0
789,16,0
789,10,0
789,1,0
789,3,0
790,8,0
790,6,0
790,3,0
790,5,0
790,15,0
790,10,0
790,9,0
790,18,0
790,13,0
791,2,0
791,10,0
792,11,0
792,8,0
792,13,0
792,18,0
792,12,0
792,3,0
792,2,0
792,7,0
792,16,0
792,15,0
792,4,0
793,15,0
793,9,0
793,2,0
793,12,0
793,10,0
793,3,0
794,6,0
794,10,0
794,9,0
794,17,0
794,12,0
794,13,0
794,11,0
794,2,0
794,18,0
794,7,0
794,14,0
794,15,0
794,8,0
794,1,0
794,5,0
794,16,0
794,3,0
794,4,0
795,8,0
795,11,0
795,3,0
795,17,0
795,4,0
795,5,0
796,12,0
796,7,0
796,16,0
796,3,0
796,1,0
796,10,0
796,18,0
796,15,0
796,4,0
796,9,0
796,2,0
796,5,0
796,11,0
796,17,0
796,13,0
796,14,0
797,15,0
798,14,0
798,15,0
798,4,0
798,10,0
798,7,0
798,16,0
798,12,0
798,8,0
798,13,0
798,2,0
798,17,0
799,13,0
799,18,0
799,5,0
799,14,0
799,2,0
799,3,0
799,11,0
799,8,0
799,4,0
799,16,0
799,9,0
799,7,0
800,17,0
800,7,0
800,4,0
800,9,0
800,15,0
800,5,0
800,12,0
800,13,0
800,11,0
800,10,0
800,16,0
800,8,0
800,2,0
800,3,0
801,14,0
801,11,0
801,6,0
801,5,0
801,4,0
801,1,0
801,16,0
801,18,0
801,13,0
801,10,0
802,17,0
802,10,0
802,12,0
802,2,0
802,16,0
802,6,0
802,8,0
803,4,0
803,6,0
803,9,0
803,11,0
803,8,0
803,17,0
803,14,0
803,16,0
803,18,0
803,7,0
803,2,0
803,15,0
803,10,0
803,5,0
803,13,0
803,12,0
803,1,0
804,14,0
804,4,0
804,15,0
804,1,0
804,16,0
804,9,0
804,17,0
804,13,0
804,2,0
804,6,0
804,12,0
804,18,0
805,8,0
805,3,0
805,18,0
805,11,0
805,2,0
805,15,0
805,4,0
805,13,0
805,5,0
805,10,0
805,16,0
805,1,0
805,7,0
805,12,0
805,9,0
806,2,0
806,6,0
807,4,0
807,11,0
807,1,0
808,18,0
808,9,0
808,1,0
808,5,0
808,2,0
808,3,0
809,18,0
809,11,0
809,6,0
809,17,0
809,5,0
809,2,0
809,12,0
809,10,0
809,15,0
809,9,0
809,16,0
809,3,0
809,1,0
809,13,0
810,12,0
810,1,0
810,6,0
810,4,0
810,18,0
810,14,0
810,2,0
811,15,0
811,8,0
811,10,0
811,13,0
811,12,0
811,11,0
811,7,0
811,2,0
811,6,0
811,16,0
811,1,0
811,5,0
811,17,0
811,3,0
811,4,0
811,9,0
811,14,0
811,18,0
812,6,0
812,17,0
812,18,0
812,13,0
812,12,0
812,11,0
812,4,0
812,5,0
812,7,0
813,11,0
813,14,0
813,5,0
813,16,0
813,3,0
813,15,0
813,10,0
813,4,0
813,18,0
813,13,0
814,16,0
814,9,0
814,6,0
814,1,0
814,5,0
814,17,0
814,12,0
814,18,0
814,4,0
814,3,0
814,10,0
814,13,0
814,11,0
814,8,0
814,7,0
814,2,0
815,3,0
815,4,0
815,7,0
815,10,0
815,12,0
815,14,0
815,5,0
815,11,0
815,1,0
815,16,0
815,13,0
815,17,0
815,9,0
815,15,0
816,8,0
816,10,0
816,11,0
816,4,0
817,17,0
817,4,0
817,15,0
817,8,0
817,16,0
817,9,0
817,3,0
817,13,0
817,11,0
817,1,0
817,14,0
817,5,0
817,12,0
818,12,0
818,10,0
818,7,0
818,13,0
818,1,0
818,16,0
818,14,0
818,2,0
818,3,0
818,15,0
818,9,0
818,6,0
818,8,0
818,4,0
818,18,0
818,17,0
818,11,0
819,13,0
819,16,0
819,7,0
819,10,0
819,2,0
819,17,0
819,9,0
819,6,0
819,14,0
819,12,0
819,4,0
819,3,0
819,15,0
819,11,0
819,5,0
819,18,0
820,2,0
820,7,0
820,16,0
820,1,0
821,17,0
821,10,0
821,2,0
821,3,0
821,8,0
821,15,0
821,18,0
821,16,0
821,7,0
821,12,0
821,4,0
821,6,0
821,5,0
821,1,0
821,11,0
821,13,0
822,17,0
822,18,0
822,13,0
822,2,0
822,16,0
822,10,0
822,9,0
822,3,0
822,5,0
822,15,0
822,4,0
822,7,0
823,12,0
823,5,0
823,14,0
823,15,0
823,7,0
823,16,0
823,13,0
823,8,0
823,9,0
823,11,0
823,3,0
824,4,0
824,16,0
824,14,0
824,3,0
824,8,0
824,13,0
824,18,0
824,7,0
824,6,0
824,1,0
824,10,0
824,5,0
824,15,0
824,2,0
824,11,0
824,12,0
824,9,0
825,16,0
825,3,0
825,14,0
825,17,0
825,18,0
825,7,0
825,11,0
825,2,0
825,5,0
825,15,0
825,4,0
825,8,0
825,12,0
825,13,0
826,12,0
826,16,0
826,2,0
826,9,0
826,13,0
826,1,0
826,11,0
826,18,0
827,13,0
827,8,0
827,16,0
827,1,0
827,11,0
827,18,0
827,3,0
827,12,0
827,2,0
827,7,0
827,6,0
827,9,0
827,14,0
827,17,0
827,5,0
828,17,0
828,12,0
828,2,0
828,6,0
828,7,0
828,9,0
828,10,0
829,6,0
830,11,0
830,7,0
830,10,0
830,1,0
830,12,0
830,14,0
830,15,0
830,13,0
830,2,0
830,5,0
830,17,0
830,16,0
830,3,0
831,15,0
831,3,0
831,2,0
831,4,0
831,18,0
831,5,0
831,16,0
831,1,0
831,6,0
831,8,0
831,7,0
831,11,0
831,12,0
831,9,0
832,11,0
832,17,0
832,6,0
832,13,0
832,4,0
833,8,0
833,2,0
833,6,0
833,11,0
833,3,0
833,16,0
833,15,0
833,4,0
833,9,0
833,5,0
833,17,0
833,10,0
833,7,0
833,1,0
834,14,0
834,11,0
834,16,0
835,6,0
836,14,0
836,10,0
836,13,0
836,6,0
836,11,0
836,16,0
836,18,0
836,15,0
837,8,0
837,9,0
837,13,0
837,1,0
837,12,0
837,6,0
837,4,0
837,15,0
837,14,0
837,18,0
837,2,0
837,17,0
837,3,0
838,2,0
838,11,0
839,15,0
839,16,0
839,3,0
839,14,0
839,13,0
839,17,0
839,4,0
839,2,0
839,1,0
839,8,0
839,9,0
839,18,0
839,12,0
839,11,0
839,7,0
839,6,0
840,2,0
840,8,0
840,13,0
840,18,0
840,16,0
840,15,0
840,4,0
840,14,0
840,17,0
841,12,0
841,18,0
841,15,0
841,3,0
841,17,0
841,10,0
842,3,0
842,1,0
842,13,0
842,9,0
842,8,0
842,10,0
842,6,0
842,12,0
842,15,0
842,18,0
843,9,0
843,7,0
843,1,0
843,11,0
843,3,0
843,5,0
843,4,0
843,12,0
843,10,0
844,14,0
844,9,0
844,6,0
844,3,0
844,1,0
844,12,0
844,15,0
844,18,0
844,8,0
845,12,0
845,9,0
845,8,0
845,3,0
845,18,0
845,2,0
845,5,0
845,6,0
845,17,0
845,14,0
845,15,0
845,11,0
845,13,0
846,7,0
846,1,0
846,15,0
847,5,0
847,8,0
847,3,0
848,16,0
848,9,0
848,12,0
848,18,0
848,8,0
848,10,0
848,13,0
848,2,0
848,14,0
848,15,0
848,4,0
848,17,0
848,6,0
848,11,0
849,12,0
849,14,0
849,7,0
849,11,0
849,16,0
849,10,0
849,2,0
849,8,0
849,5,0
849,6,0
849,4,0
849,15,0
849,1,0
849,3,0
849,18,0
849,17,0
849,13,0
850,3,0
850,13,0
850,10,0
850,17,0
850,2,0
850,12,0
850,1,0
850,18,0
850,16,0
850,11,0
850,8,0
850,4,0
851,5,0
851,9,0
851,15,0
852,14,0
852,15,0
853,9,0
853,10,0
853,15,0
853,13,0
853,6,0
853,11,0
853,7,0
853,1,0
853,12,0
853,14,0
853,17,0
853,4,0
853,8,0
853,16,0
853,2,0
853,3,0
853,18,0
853,5,0
854,7,0
854,4,0
854,13,0
854,3,0
855,6,0
855,4,0
855,14,0
855,1,0
855,12,0
855,16,0
856,14,0
857,8,0
857,16,0
857,6,0
857,17,0
857,4,0
858,3,0
858,8,0
858,4,0
858,11,0
858,1,0
858,18,0
858,2,0
858,6,0
858,7,0
858,9,0
858,16,0
859,6,0
859,1,0
859,12,0
859,15,0
859,14,0
859,7,0
859,3,0
859,18,0
859,2,0
859,5,0
859,4,0
859,8,0
859,16,0
859,10,0
859,13,0
859,9,0
859,17,0
860,15,0
860,16,0
860,8,0
860,4,0
860,2,0
860,13,0
861,13,0
861,10,0
861,12,0
862,4,0
863,15,0
863,5,0
864,8,0
864,9,0
864,12,0
864,7,0
865,8,0
865,12,0
865,3,0
865,6,0
865,14,0
865,1,0
865,4,0
865,16,0
865,18,0
865,5,0
865,9,0
865,2,0
865,7,0
866,11,0
866,16,0
866,10,0
866,5,0
866,9,0
866,2,0
866,17,0
866,8,0
866,1,0
866,3,0
867,18,0
867,2,0
867,14,0
867,13,0
867,1,0
867,12,0
867,3,0
867,10,0
867,6,0
867,16,0
867,8,0
867,9,0
867,11,0
867,17,0
867,4,0
867,15,0
868,10,0
868,4,0
868,17,0
868,15,0
868,8,0
868,6,0
868,5,0
868,3,0
868,1,0
868,2,0
868,13,0
868,12,0
868,9,0
868,14,0
868,18,0
868,11,0
868,16,0
868,7,0
869,17,0
869,6,0
869,8,0
869,1,0
869,10,0
869,7,0
870,3,0
870,12,0
870,4,0
870,2,0
870,13,0
871,8,0
871,12,0
871,17,0
871,18,0
871,11,0
871,5,0
871,6,0
871,16,0
871,9,0
871,2,0
871,1,0
871,14,0
871,3,0
871,15,0
872,7,0
872,4,0
873,9,0
873,12,0
873,16,0
873,17,0
873,5,0
873,2,0
874,16,0
874,18,0
874,7,0
874,10,0
874,2,0
874,17,0
874,11,0
874,12,0
874,15,0
874,9,0
874,13,0
874,8,0
874,14,0
874,6,0
875,7,0
875,6,0
875,8,0
875,17,0
875,14,0
875,5,0
875,15,0
875,1,0
875,12,0
875,11,0
875,13,0
875,18,0
876,17,0
876,11,0
876,14,0
876,1,0
876,8,0
876,4,0
876,5,0
876,7,0
876,16,0
876,3,0
876,2,0
876,15,0
876,18,0
876,12,0
876,9,0
876,10,0
876,13,0
877,9,0
877,6,0
877,11,0
877,7,0
877,2,0
877,18,0
877,4,0
878,5,0
878,2,0
878,4,0
878,10,0
878,11,0
878,13,0
878,16,0
878,15,0
878,6,0
879,18,0
879,7,0
879,16,0
879,1,0
879,10,0
879,8,0
879,4,0
880,13,0
880,2,0
880,14,0
880,8,0
880,15,0
880,7,0
880,11,0
880,18,0
881,8,0
881,2,0
881,17,0
881,9,0
881,15,0
881,1,0
882,17,0
882,9,0
882,5,0
882,4,0
882,11,0
882,13,0
882,18,0
882,3,0
882,7,0
883,8,0
883,1,0
883,2,0
883,4,0
883,13,0
883,7,0
884,6,0
884,5,0
884,18,0
884,17,0
884,7,0
884,11,0
884,2,0
884,13,0
884,10,0
884,12,0
884,15,0
884,14,0
884,4,0
884,3,0
884,16,0
885,9,0
885,18,0
885,13,0
885,14,0
885,15,0
885,17,0
885,8,0
885,2,0
885,4,0
885,12,0
885,11,0
885,5,0
885,16,0
885,7,0
886,18,0
886,9,0
887,3,0
887,4,0
887,9,0
887,12,0
887,18,0
887,16,0
887,11,0
887,14,0
887,17,0
887,15,0
888,14,0
888,16,0
888,13,0
888,11,0
888,1,0
889,13,0
889,5,0
889,7,0
889,9,0
889,3,0
889,14,0
889,18,0
890,5,0
890,14,0
890,3,0
890,6,0
891,10,0
891,15,0
892,18,0
892,8,0
892,7,0
892,10,0
892,17,0
892,15,0
892,2,0
892,12,0
892,14,0
892,13,0
892,16,0
892,9,0
892,5,0
892,11,0
892,1,0
892,3,0
893,11,0
893,5,0
893,13,0
893,17,0
893,10,0
893,6,0
893,1,0
893,16,0
894,5,0
894,14,0
894,8,0
894,15,0
894,6,0
895,1,0
895,12,0
895,18,0
895,13,0
896,15,0
896,10,0
896,7,0
896,9,0
896,6,0
896,13,0
896,14,0
896,4,0
896,3,0
896,1,0
896,17,0
896,11,0
896,8,0
896,5,0
896,12,0
896,18,0
896,16,0
897,14,0
897,9,0
897,3,0
897,18,0
897,4,0
897,5,0
898,10,0
898,16,0
898,17,0
898,13,0
898,3,0
898,12,0
898,8,0
898,6,0
898,15,0
898,14,0
898,11,0
898,9,0
898,1,0
898,18,0
898,2,0
898,7,0
898,5,0
899,17,0
899,1,0
899,14,0
899,5,0
900,9,0
900,6,0
900,13,0
900,1,0
900,14,0
901,13,0
901,4,0
901,2,0
901,17,0
901,12,0
901,3,0
901,9,0
901,7,0
902,10,0
902,15,0
902,9,0
902,17,0
902,3,0
902,11,0
902,13,0
902,5,0
902,18,0
903,7,0
903,13,0
903,16,0
903,9,0
903,14,0
903,6,0
903,12,0
903,5,0
903,2,0
903,3,0
903,17,0
903,4,0
903,10,0
903,1,0
903,15,0
903,8,0
904,8,0
904,10,0
904,1,0
904,17,0
904,15,0
904,3,0
905,2,0
905,4,0
905,16,0
905,14,0
905,11,0
905,15,0
905,17,0
905,7,0
905,12,0
905,13,0
905,5,0
905,1,0
905,18,0
905,8,0
905,3,0
905,6,0
906,16,0
906,9,0
906,17,0
906,8,0
906,1,0
906,6,0
906,18,0
907,16,0
907,13,0
907,11,0
907,10,0
907,9,0
907,6,0
907,17,0
907,15,0
907,3,0
907,8,0
907,12,0
907,7,0
908,18,0
908,11,0
908,16,0
908,13,0
908,12,0
908,15,0
908,7,0
908,3,0
908,9,0
909,12,0
910,14,0
910,15,0
910,3,0
910,7,0
910,18,0
910,5,0
910,4,0
910,12,0
910,16,0
910,10,0
910,6,0
910,9,0
910,8,0
910,2,0
910,11,0
910,17,0
910,1,0
911,6,0
911,3,0
911,12,0
911,18,0
912,15,0
912,13,0
912,8,0
912,16,0
912,3,0
912,2,0
912,6,0
912,10,0
912,7,0
912,12,0
912,5,0
912,18,0
912,14,0
912,1,0
913,17,0
913,9,0
913,1,0
913,15,0
913,7,0
913,3,0
913,16,0
913,4,0
913,10,0
913,11,0
913,12,0
913,2,0
913,8,0
913,6,0
913,18,0
913,5,0
913,13,0
913,14,0
914,3,0
914,13,0
915,14,0
915,3,0
915,6,0
915,13,0
915,11,0
915,17,0
915,18,0
915,12,0
916,13,0
916,18,0
916,1,0
916,5,0
916,7,0
916,16,0
916,12,0
916,17,0
916,4,0
916,15,0
917,13,0
917,12,0
918,3,0
918,11,0
918,1,0
918,16,0
918,14,0
918,9,0
918,10,0
918,6,0
918,2,0
918,5,0
918,12,0
918,13,0
918,17,0
918,15,0
918,8,0
919,15,0
919,14,0
919,17,0
919,8,0
919,10,0
919,18,0
919,4,0
919,13,0
920,9,0
920,2,0
920,10,0
920,18,0
920,7,0
920,4,0
920,6,0
920,5,0
920,16,0
921,11,0
921,5,0
921,16,0
921,10,0
921,18,0
922,13,0
922,4,0
922,8,0
922,18,0
922,15,0
922,1,0
922,14,0
922,11,0
922,2,0
922,16,0
922,17,0
922,9,0
922,3,0
922,7,0
922,10,0
923,9,0
923,2,0
923,3,0
923,6,0
923,8,0
923,5,0
923,12,0
923,17,0
923,10,0
923,18,0
923,16,0
923,13,0
923,11,0
923,4,0
923,7,0
923,1,0
923,15,0
923,14,0
924,1,0
924,6,0
924,15,0
924,4,0
924,10,0
924,18,0
924,2,0
924,9,0
924,3,0
924,5,0
925,7,0
925,13,0
925,12,0
925,11,0
925,14,0
925,6,0
925,16,0
925,8,0
925,10,0
925,9,0
925,5,0
925,1,0
926,12,0
926,16,0
926,6,0
926,14,0
926,10,0
926,8,0
926,4,0
926,13,0
926,7,0
926,9,0
926,3,0
927,7,0
927,14,0
927,12,0
928,8,0
928,11,0
928,18,0
928,6,0
928,12,0
928,7,0
928,14,0
928,15,0
928,3,0
928,1,0
928,13,0
928,5,0
928,17,0
928,10,0
928,4,0
928,2,0
929,8,0
929,12,0
930,3,0
930,11,0
930,7,0
930,17,0
930,18,0
930,4,0
930,14,0
930,6,0
930,13,0
930,5,0
930,8,0
930,2,0
930,16,0
930,1,0
930,10,0
930,12,0
930,9,0
931,18,0
931,2,0
931,6,0
931,10,0
931,11,0
931,1,0
931,4,0
931,14,0
931,7,0
931,8,0
931,3,0
931,17,0
931,12,0
931,9,0
931,13,0
932,13,0
932,17,0
932,5,0
933,18,0
933,6,0
933,12,0
933,3,0
933,8,0
933,16,0
933,5,0
933,9,0
933,15,0
933,11,0
933,7,0
934,14,0
934,10,0
934,17,0
934,6,0
934,11,0
934,13,0
934,18,0
934,5,0
934,3,0
934,15,0
934,12,0
934,8,0
934,2,0
934,4,0
934,16,0
935,14,0
935,9,0
935,12,0
935,13,0
935,1,0
935,6,0
936,15,0
936,14,0
936,12,0
936,17,0
936,11,0
936,18,0
936,3,0
936,13,0
936,8,0
937,10,0
937,14,0
937,4,0
937,7,0
937,1,0
937,16,0
937,18,0
937,8,0
937,5,0
937,9,0
937,17,0
937,12,0
937,3,0
937,13,0
938,13,0
938,4,0
938,9,0
938,5,0
938,1,0
938,10,0
938,3,0
938,12,0
938,15,0
938,11,0
938,8,0
938,17,0
938,16,0
938,6,0
939,15,0
939,2,0
939,5,0
939,13,0
939,16,0
939,9,0
939,14,0
939,17,0
939,1,0
939,6,0
939,12,0
939,7,0
939,18,0
940,14,0
940,11,0
940,15,0
940,12,0
941,16,0
941,18,0
941,13,0
941,14,0
941,10,0
941,4,0
941,2,0
941,12,0
941,15,0
941,6,0
941,5,0
941,1,0
941,8,0
942,14,0
942,17,0
942,16,0
942,1,0
942,13,0
942,8,0
942,5,0
942,9,0
942,6,0
942,15,0
942,2,0
943,17,0
943,12,0
943,13,0
943,1,0
943,14,0
943,11,0
943,16,0
943,6,0
943,7,0
943,3,0
943,10,0
943,15,0
943,2,0
943,8,0
944,9,0
944,10,0
944,5,0
944,2,0
944,3,0
944,11,0
944,14,0
944,16,0
944,15,0
944,7,0
944,6,0
944,8,0
944,13,0
944,17,0
945,13,0
945,5,0
945,12,0
945,17,0
945,2,0
945,10,0
945,7,0
945,8,0
945,9,0
945,11,0
945,14,0
945,6,0
945,15,0
945,4,0
945,16,0
945,1,0
946,11,0
947,14,0
947,9,0
947,18,0
947,1,0
947,16,0
947,12,0
947,15,0
947,11,0
947,2,0
947,5,0
947,17,0
947,3,0
947,6,0
947,8,0
947,4,0
947,10,0
947,13,0
948,1,0
948,9,0
948,16,0
948,6,0
948,5,0
948,3,0
948,14,0
948,11,0
949,12,0
949,8,0
949,17,0
949,1,0
949,4,0
949,13,0
949,9,0
949,7,0
949,5,0
949,18,0
949,3,0
949,16,0
949,14,0
949,10,0
949,6,0
949,15,0
950,14,0
950,5,0
950,2,0
950,7,0
950,13,0
950,3,0
950,6,0
950,4,0
950,18,0
950,12,0
950,15,0
951,15,0
951,13,0
951,17,0
951,8,0
951,1,0
951,12,0
951,16,0
952,5,0
952,17,0
952,3,0
952,9,0
952,13,0
952,18,0
953,4,0
954,15,0
954,12,0
954,9,0
954,17,0
954,4,0
954,10,0
954,2,0
955,7,0
955,2,0
955,14,0
955,9,0
955,6,0
955,8,0
955,18,0
955,16,0
956,3,0
956,18,0
956,6,0
956,12,0
956,4,0
956,9,0
956,17,0
956,15,0
956,5,0
956,16,0
956,2,0
957,3,0
957,5,0
957,10,0
957,14,0
957,17,0
958,4,0
958,9,0
958,7,0
958,5,0
958,10,0
958,11,0
958,2,0
959,13,0
959,3,0
959,4,0
960,2,0
960,4,0
960,7,0
960,9,0
960,11,0
960,15,0
960,6,0
960,3,0
960,5,0
960,16,0
960,14,0
960,1,0
960,18,0
960,17,0
960,12,0
960,8,0
960,10,0
960,13,0
961,16,0
961,9,0
961,13,0
961,18,0
962,18,0
962,7,0
962,10,0
962,14,0
962,13,0
962,9,0
962,1,0
962,2,0
962,16,0
963,14,0
963,3,0
963,1,0
963,12,0
963,8,0
963,5,0
963,2,0
963,18,0
963,17,0
963,6,0
963,13,0
963,16,0
963,9,0
963,4,0
963,10,0
963,11,0
963,15,0
964,5,0
964,15,0
964,12,0
964,16,0
964,3,0
964,1,0
964,7,0
964,6,0
964,14,0
965,12,0
965,17,0
965,4,0
965,1,0
966,8,0
966,6,0
966,14,0
966,18,0
966,16,0
966,11,0
966,4,0
966,17,0
966,2,0
966,12,0
966,10,0
966,9,0
966,3,0
966,15,0
966,5,0
967,15,0
967,7,0
968,1,0
968,5,0
968,11,0
968,2,0
968,9,0
968,18,0
968,8,0
968,17,0
968,15,0
968,10,0
969,13,0
969,3,0
970,1,0
970,9,0
970,2,0
970,3,0
970,12,0
970,15,0
970,18,0
970,17,0
970,5,0
971,14,0
971,15,0
971,4,0
972,6,0
972,5,0
972,7,0
972,18,0
972,12,0
972,17,0
972,11,0
972,8,0
972,10,0
972,14,0
972,1,0
972,4,0
972,15,0
972,16,0
972,13,0
972,3,0
972,9,0
972,2,0
973,16,0
974,17,0
974,10,0
974,2,0
975,15,0
975,18,0
975,1,0
975,2,0
975,12,0
975,3,0
975,8,0
975,5,0
975,10,0
975,14,0
975,13,0
976,8,0
976,11,0
976,14,0
976,17,0
976,18,0
976,6,0
976,2,0
976,9,0
976,3,0
976,15,0
976,7,0
977,5,0
977,2,0
977,13,0
977,12,0
977,14,0
977,11,0
977,8,0
977,15,0
977,16,0
977,6,0
977,7,0
977,4,0
977,1,0
977,18,0
978,2,0
978,8,0
978,4,0
978,18,0
978,13,0
978,17,0
978,6,0
978,11,0
978,9,0
978,5,0
978,1,0
978,15,0
978,10,0
979,18,0
979,12,0
979,1,0
979,9,0
980,18,0
980,17,0
980,7,0
980,13,0
980,15,0
980,4,0
980,5,0
980,14,0
980,2,0
980,8,0
980,9,0
980,6,0
980,3,0
980,10,0
980,1,0
980,11,0
981,10,0
981,11,0
981,15,0
981,8,0
981,16,0
981,1,0
981,3,0
981,14,0
981,12,0
982,4,0
982,15,0
982,5,0
982,11,0
983,1,0
983,6,0
983,18,0
983,2,0
984,3,0
984,17,0
984,12,0
984,13,0
984,11,0
984,15,0
984,18,0
984,4,0
984,8,0
984,9,0
984,7,0
984,14,0
984,16,0
984,10,0
984,6,0
984,2,0
984,5,0
984,1,0
985,8,0
985,7,0
985,9,0
985,4,0
985,12,0
985,6,0
985,17,0
985,1,0
985,16,0
985,2,0
985,10,0
985,14,0
985,15,0
985,3,0
985,18,0
985,5,0
985,11,0
985,13,0
986,9,0
986,1,0
986,5,0
986,17,0
986,14,0
987,10,0
987,13,0
987,1,0
987,16,0
987,8,0
987,6,0
987,4,0
987,18,0
987,5,0
987,12,0
987,3,0
987,14,0
987,11,0
987,17,0
987,9,0
987,2,0
987,7,0
987,15,0
988,16,0
988,18,0
988,15,0
988,11,0
988,17,0
988,9,0
988,4,0
988,2,0
988,8,0
988,3,0
988,6,0
988,5,0
988,1,0
988,7,0
989,9,0
989,7,0
989,2,0
989,12,0
989,3,0
989,6,0
989,5,0
989,13,0
989,8,0
989,14,0
989,10,0
990,6,0
990,16,0
990,13,0
990,2,0
990,4,0
990,14,0
990,5,0
990,10,0
990,3,0
990,17,0
990,8,0
990,7,0
990,11,0
990,18,0
990,1,0
990,15,0
990,9,0
991,17,0
991,13,0
991,11,0
991,15,0
991,14,0
992,15,0
992,13,0
992,16,0
992,4,0
992,18,0
992,17,0
992,12,0
992,5,0
992,10,0
992,14,0
992,7,0
992,2,0
992,9,0
992,6,0
992,11,0
992,8,0
993,5,0
993,4,0
993,11,0
993,10,0
994,17,0
995,10,0
995,17,0
995,4,0
995,15,0
995,12,0
995,11,0
995,18,0
995,16,0
995,6,0
996,15,0
996,9,0
996,5,0
997,17,0
997,11,0
997,8,0
997,16,0
998,18,0
999,18,0
999,15,0
999,9,0
999,10,0
999,16,0
1000,6,0
1000,13,0
1000,12,0
1000,3,0
1000,17,0
1000,7,0
1000,9,0
1000,16,0
1000,10,0
1000,18,0
1000,1,0
1000,2,0
